solid OpenSCAD_Model
  facet normal -1 0 0
    outer loop
      vertex 37 117.5 180
      vertex 37 120 185
      vertex 37 120 180
    endloop
  endfacet
  facet normal -1 -0 0
    outer loop
      vertex 37 120 185
      vertex 37 117.5 180
      vertex 37 117.5 185
    endloop
  endfacet
  facet normal 0 0 -1
    outer loop
      vertex 25 117.5 185
      vertex 37 120 185
      vertex 37 117.5 185
    endloop
  endfacet
  facet normal -0 0 -1
    outer loop
      vertex 37 120 185
      vertex 25 117.5 185
      vertex 25 120 185
    endloop
  endfacet
  facet normal -0 0 1
    outer loop
      vertex 25 120 180
      vertex 37 117.5 180
      vertex 37 120 180
    endloop
  endfacet
  facet normal 0 0 1
    outer loop
      vertex 37 117.5 180
      vertex 25 120 180
      vertex 25 117.5 180
    endloop
  endfacet
  facet normal 1 -0 0
    outer loop
      vertex 25 117.5 185
      vertex 25 120 180
      vertex 25 120 185
    endloop
  endfacet
  facet normal 1 0 0
    outer loop
      vertex 25 120 180
      vertex 25 117.5 185
      vertex 25 117.5 180
    endloop
  endfacet
  facet normal -1 0 0
    outer loop
      vertex 57 117.5 180
      vertex 57 120 185
      vertex 57 120 180
    endloop
  endfacet
  facet normal -1 -0 0
    outer loop
      vertex 57 120 185
      vertex 57 117.5 180
      vertex 57 117.5 185
    endloop
  endfacet
  facet normal 0 0 -1
    outer loop
      vertex 45 117.5 185
      vertex 57 120 185
      vertex 57 117.5 185
    endloop
  endfacet
  facet normal -0 0 -1
    outer loop
      vertex 57 120 185
      vertex 45 117.5 185
      vertex 45 120 185
    endloop
  endfacet
  facet normal -0 0 1
    outer loop
      vertex 45 120 180
      vertex 57 117.5 180
      vertex 57 120 180
    endloop
  endfacet
  facet normal 0 0 1
    outer loop
      vertex 57 117.5 180
      vertex 45 120 180
      vertex 45 117.5 180
    endloop
  endfacet
  facet normal 1 -0 0
    outer loop
      vertex 45 117.5 185
      vertex 45 120 180
      vertex 45 120 185
    endloop
  endfacet
  facet normal 1 0 0
    outer loop
      vertex 45 120 180
      vertex 45 117.5 185
      vertex 45 117.5 180
    endloop
  endfacet
  facet normal -1 0 0
    outer loop
      vertex 77 117.5 180
      vertex 77 120 185
      vertex 77 120 180
    endloop
  endfacet
  facet normal -1 -0 0
    outer loop
      vertex 77 120 185
      vertex 77 117.5 180
      vertex 77 117.5 185
    endloop
  endfacet
  facet normal 0 0 -1
    outer loop
      vertex 65 117.5 185
      vertex 77 120 185
      vertex 77 117.5 185
    endloop
  endfacet
  facet normal -0 0 -1
    outer loop
      vertex 77 120 185
      vertex 65 117.5 185
      vertex 65 120 185
    endloop
  endfacet
  facet normal -0 0 1
    outer loop
      vertex 65 120 180
      vertex 77 117.5 180
      vertex 77 120 180
    endloop
  endfacet
  facet normal 0 0 1
    outer loop
      vertex 77 117.5 180
      vertex 65 120 180
      vertex 65 117.5 180
    endloop
  endfacet
  facet normal 1 -0 0
    outer loop
      vertex 65 117.5 185
      vertex 65 120 180
      vertex 65 120 185
    endloop
  endfacet
  facet normal 1 0 0
    outer loop
      vertex 65 120 180
      vertex 65 117.5 185
      vertex 65 117.5 180
    endloop
  endfacet
  facet normal -1 0 0
    outer loop
      vertex 97 117.5 180
      vertex 97 120 185
      vertex 97 120 180
    endloop
  endfacet
  facet normal -1 -0 0
    outer loop
      vertex 97 120 185
      vertex 97 117.5 180
      vertex 97 117.5 185
    endloop
  endfacet
  facet normal 0 0 -1
    outer loop
      vertex 85 117.5 185
      vertex 97 120 185
      vertex 97 117.5 185
    endloop
  endfacet
  facet normal -0 0 -1
    outer loop
      vertex 97 120 185
      vertex 85 117.5 185
      vertex 85 120 185
    endloop
  endfacet
  facet normal -0 0 1
    outer loop
      vertex 85 120 180
      vertex 97 117.5 180
      vertex 97 120 180
    endloop
  endfacet
  facet normal 0 0 1
    outer loop
      vertex 97 117.5 180
      vertex 85 120 180
      vertex 85 117.5 180
    endloop
  endfacet
  facet normal 1 -0 0
    outer loop
      vertex 85 117.5 185
      vertex 85 120 180
      vertex 85 120 185
    endloop
  endfacet
  facet normal 1 0 0
    outer loop
      vertex 85 120 180
      vertex 85 117.5 185
      vertex 85 117.5 180
    endloop
  endfacet
  facet normal -1 0 0
    outer loop
      vertex 117 117.5 180
      vertex 117 120 185
      vertex 117 120 180
    endloop
  endfacet
  facet normal -1 -0 0
    outer loop
      vertex 117 120 185
      vertex 117 117.5 180
      vertex 117 117.5 185
    endloop
  endfacet
  facet normal 0 0 -1
    outer loop
      vertex 105 117.5 185
      vertex 117 120 185
      vertex 117 117.5 185
    endloop
  endfacet
  facet normal -0 0 -1
    outer loop
      vertex 117 120 185
      vertex 105 117.5 185
      vertex 105 120 185
    endloop
  endfacet
  facet normal -0 0 1
    outer loop
      vertex 105 120 180
      vertex 117 117.5 180
      vertex 117 120 180
    endloop
  endfacet
  facet normal 0 0 1
    outer loop
      vertex 117 117.5 180
      vertex 105 120 180
      vertex 105 117.5 180
    endloop
  endfacet
  facet normal 1 -0 0
    outer loop
      vertex 105 117.5 185
      vertex 105 120 180
      vertex 105 120 185
    endloop
  endfacet
  facet normal 1 0 0
    outer loop
      vertex 105 120 180
      vertex 105 117.5 185
      vertex 105 117.5 180
    endloop
  endfacet
  facet normal -1 0 0
    outer loop
      vertex 137 117.5 180
      vertex 137 120 185
      vertex 137 120 180
    endloop
  endfacet
  facet normal -1 -0 0
    outer loop
      vertex 137 120 185
      vertex 137 117.5 180
      vertex 137 117.5 185
    endloop
  endfacet
  facet normal 0 0 -1
    outer loop
      vertex 125 117.5 185
      vertex 137 120 185
      vertex 137 117.5 185
    endloop
  endfacet
  facet normal -0 0 -1
    outer loop
      vertex 137 120 185
      vertex 125 117.5 185
      vertex 125 120 185
    endloop
  endfacet
  facet normal -0 0 1
    outer loop
      vertex 125 120 180
      vertex 137 117.5 180
      vertex 137 120 180
    endloop
  endfacet
  facet normal 0 0 1
    outer loop
      vertex 137 117.5 180
      vertex 125 120 180
      vertex 125 117.5 180
    endloop
  endfacet
  facet normal 1 -0 0
    outer loop
      vertex 125 117.5 185
      vertex 125 120 180
      vertex 125 120 185
    endloop
  endfacet
  facet normal 1 0 0
    outer loop
      vertex 125 120 180
      vertex 125 117.5 185
      vertex 125 117.5 180
    endloop
  endfacet
  facet normal 1 0 0
    outer loop
      vertex 170 120 200
      vertex 170 34 100
      vertex 170 120 0
    endloop
  endfacet
  facet normal 1 0 0
    outer loop
      vertex 170 120 200
      vertex 170 33.8042 101.236
      vertex 170 34 100
    endloop
  endfacet
  facet normal 1 -0 0
    outer loop
      vertex 170 33 122
      vertex 170 33.8042 101.236
      vertex 170 120 200
    endloop
  endfacet
  facet normal 1 -0 0
    outer loop
      vertex 170 32.8532 121.073
      vertex 170 33.8042 101.236
      vertex 170 33 122
    endloop
  endfacet
  facet normal 1 0 0
    outer loop
      vertex 170 120 200
      vertex 170 32.8532 122.927
      vertex 170 33 122
    endloop
  endfacet
  facet normal 1 0 0
    outer loop
      vertex 170 120 200
      vertex 170 32.4271 123.763
      vertex 170 32.8532 122.927
    endloop
  endfacet
  facet normal 1 0 0
    outer loop
      vertex 170 120 200
      vertex 170 31.7634 124.427
      vertex 170 32.4271 123.763
    endloop
  endfacet
  facet normal 1 0 0
    outer loop
      vertex 170 120 200
      vertex 170 30.9271 124.853
      vertex 170 31.7634 124.427
    endloop
  endfacet
  facet normal 1 -0 0
    outer loop
      vertex 170 0 200
      vertex 170 30.9271 124.853
      vertex 170 120 200
    endloop
  endfacet
  facet normal 1 0 0
    outer loop
      vertex 170 30.9271 124.853
      vertex 170 0 200
      vertex 170 30 125
    endloop
  endfacet
  facet normal 1 0 0
    outer loop
      vertex 170 30 125
      vertex 170 0 200
      vertex 170 29.0729 124.853
    endloop
  endfacet
  facet normal 1 0 0
    outer loop
      vertex 170 27.1468 121.073
      vertex 170 26.1958 101.236
      vertex 170 26.7639 102.351
    endloop
  endfacet
  facet normal 1 0 0
    outer loop
      vertex 170 27 122
      vertex 170 26 100
      vertex 170 26.1958 101.236
    endloop
  endfacet
  facet normal 1 0 0
    outer loop
      vertex 170 27 122
      vertex 170 0 200
      vertex 170 26 100
    endloop
  endfacet
  facet normal 1 0 0
    outer loop
      vertex 170 27.1468 122.927
      vertex 170 0 200
      vertex 170 27 122
    endloop
  endfacet
  facet normal 1 0 0
    outer loop
      vertex 170 27.5729 123.763
      vertex 170 0 200
      vertex 170 27.1468 122.927
    endloop
  endfacet
  facet normal 1 0 0
    outer loop
      vertex 170 28.2366 124.427
      vertex 170 0 200
      vertex 170 27.5729 123.763
    endloop
  endfacet
  facet normal 1 0 0
    outer loop
      vertex 170 29.0729 124.853
      vertex 170 0 200
      vertex 170 28.2366 124.427
    endloop
  endfacet
  facet normal 1 -0 0
    outer loop
      vertex 170 33.8042 98.7639
      vertex 170 120 0
      vertex 170 34 100
    endloop
  endfacet
  facet normal 1 -0 0
    outer loop
      vertex 170 33.2361 97.6489
      vertex 170 120 0
      vertex 170 33.8042 98.7639
    endloop
  endfacet
  facet normal 1 -0 0
    outer loop
      vertex 170 32.3511 96.7639
      vertex 170 120 0
      vertex 170 33.2361 97.6489
    endloop
  endfacet
  facet normal 1 -0 0
    outer loop
      vertex 170 31.2361 96.1958
      vertex 170 120 0
      vertex 170 32.3511 96.7639
    endloop
  endfacet
  facet normal 1 0 0
    outer loop
      vertex 170 0 0
      vertex 170 31.2361 96.1958
      vertex 170 30 96
    endloop
  endfacet
  facet normal 1 0 0
    outer loop
      vertex 170 0 0
      vertex 170 30 96
      vertex 170 28.7639 96.1958
    endloop
  endfacet
  facet normal 1 0 0
    outer loop
      vertex 170 0 0
      vertex 170 28.7639 96.1958
      vertex 170 27.6489 96.7639
    endloop
  endfacet
  facet normal 1 0 0
    outer loop
      vertex 170 0 0
      vertex 170 27.6489 96.7639
      vertex 170 26.7639 97.6489
    endloop
  endfacet
  facet normal 1 0 0
    outer loop
      vertex 170 0 0
      vertex 170 26 100
      vertex 170 0 200
    endloop
  endfacet
  facet normal 1 0 0
    outer loop
      vertex 170 31.2361 96.1958
      vertex 170 0 0
      vertex 170 120 0
    endloop
  endfacet
  facet normal 1 0 0
    outer loop
      vertex 170 26.1958 98.7639
      vertex 170 0 0
      vertex 170 26.7639 97.6489
    endloop
  endfacet
  facet normal 1 0 0
    outer loop
      vertex 170 26 100
      vertex 170 0 0
      vertex 170 26.1958 98.7639
    endloop
  endfacet
  facet normal 1 0 0
    outer loop
      vertex 170 33.8042 101.236
      vertex 170 32.8532 121.073
      vertex 170 33.2361 102.351
    endloop
  endfacet
  facet normal 1 -0 0
    outer loop
      vertex 170 32.4271 120.237
      vertex 170 33.2361 102.351
      vertex 170 32.8532 121.073
    endloop
  endfacet
  facet normal 1 0 0
    outer loop
      vertex 170 32.4271 120.237
      vertex 170 32.3511 103.236
      vertex 170 33.2361 102.351
    endloop
  endfacet
  facet normal 1 -0 0
    outer loop
      vertex 170 31.7634 119.573
      vertex 170 32.3511 103.236
      vertex 170 32.4271 120.237
    endloop
  endfacet
  facet normal 1 0 0
    outer loop
      vertex 170 31.7634 119.573
      vertex 170 31.2361 103.804
      vertex 170 32.3511 103.236
    endloop
  endfacet
  facet normal 1 -0 0
    outer loop
      vertex 170 30.9271 119.147
      vertex 170 31.2361 103.804
      vertex 170 31.7634 119.573
    endloop
  endfacet
  facet normal 1 0 0
    outer loop
      vertex 170 30 104
      vertex 170 30.9271 119.147
      vertex 170 30 119
    endloop
  endfacet
  facet normal 1 0 0
    outer loop
      vertex 170 30.9271 119.147
      vertex 170 30 104
      vertex 170 31.2361 103.804
    endloop
  endfacet
  facet normal 1 0 0
    outer loop
      vertex 170 29.0729 119.147
      vertex 170 30 104
      vertex 170 30 119
    endloop
  endfacet
  facet normal 1 0 0
    outer loop
      vertex 170 29.0729 119.147
      vertex 170 28.7639 103.804
      vertex 170 30 104
    endloop
  endfacet
  facet normal 1 0 0
    outer loop
      vertex 170 28.2366 119.573
      vertex 170 28.7639 103.804
      vertex 170 29.0729 119.147
    endloop
  endfacet
  facet normal 1 0 0
    outer loop
      vertex 170 28.2366 119.573
      vertex 170 27.6489 103.236
      vertex 170 28.7639 103.804
    endloop
  endfacet
  facet normal 1 0 0
    outer loop
      vertex 170 27.5729 120.237
      vertex 170 27.6489 103.236
      vertex 170 28.2366 119.573
    endloop
  endfacet
  facet normal 1 0 0
    outer loop
      vertex 170 26.7639 102.351
      vertex 170 27.5729 120.237
      vertex 170 27.1468 121.073
    endloop
  endfacet
  facet normal 1 0 0
    outer loop
      vertex 170 26.1958 101.236
      vertex 170 27.1468 121.073
      vertex 170 27 122
    endloop
  endfacet
  facet normal 1 0 0
    outer loop
      vertex 170 27.5729 120.237
      vertex 170 26.7639 102.351
      vertex 170 27.6489 103.236
    endloop
  endfacet
  facet normal -0 0 1
    outer loop
      vertex 0 120 200
      vertex 170 0 200
      vertex 170 120 200
    endloop
  endfacet
  facet normal 0 0 1
    outer loop
      vertex 170 0 200
      vertex 0 120 200
      vertex 0 0 200
    endloop
  endfacet
  facet normal 0 0 -1
    outer loop
      vertex 0 0 0
      vertex 170 120 0
      vertex 170 0 0
    endloop
  endfacet
  facet normal -0 0 -1
    outer loop
      vertex 170 120 0
      vertex 0 0 0
      vertex 0 120 0
    endloop
  endfacet
  facet normal -1 0 0
    outer loop
      vertex 0 52 20
      vertex 0 120 0
      vertex 0 52 12
    endloop
  endfacet
  facet normal -1 0 0
    outer loop
      vertex 0 0 0
      vertex 0 52 12
      vertex 0 120 0
    endloop
  endfacet
  facet normal -1 -0 0
    outer loop
      vertex 0 40 12
      vertex 0 0 0
      vertex 0 40 20
    endloop
  endfacet
  facet normal -1 -0 0
    outer loop
      vertex 0 52 12
      vertex 0 0 0
      vertex 0 40 12
    endloop
  endfacet
  facet normal -1 0 0
    outer loop
      vertex 0 120 0
      vertex 0 52 20
      vertex 0 120 200
    endloop
  endfacet
  facet normal -1 0 0
    outer loop
      vertex 0 0 200
      vertex 0 52 20
      vertex 0 40 20
    endloop
  endfacet
  facet normal -1 0 0
    outer loop
      vertex 0 0 200
      vertex 0 40 20
      vertex 0 0 0
    endloop
  endfacet
  facet normal -1 0 0
    outer loop
      vertex 0 52 20
      vertex 0 0 200
      vertex 0 120 200
    endloop
  endfacet
  facet normal 0 1 -0
    outer loop
      vertex 45 120 180
      vertex 37 120 185
      vertex 45 120 185
    endloop
  endfacet
  facet normal 0 1 0
    outer loop
      vertex 37 120 185
      vertex 45 120 180
      vertex 37 120 180
    endloop
  endfacet
  facet normal 0 1 -0
    outer loop
      vertex 65 120 180
      vertex 57 120 185
      vertex 65 120 185
    endloop
  endfacet
  facet normal 0 1 0
    outer loop
      vertex 57 120 185
      vertex 65 120 180
      vertex 57 120 180
    endloop
  endfacet
  facet normal 0 1 -0
    outer loop
      vertex 85 120 180
      vertex 77 120 185
      vertex 85 120 185
    endloop
  endfacet
  facet normal 0 1 0
    outer loop
      vertex 77 120 185
      vertex 85 120 180
      vertex 77 120 180
    endloop
  endfacet
  facet normal 0 1 -0
    outer loop
      vertex 105 120 180
      vertex 97 120 185
      vertex 105 120 185
    endloop
  endfacet
  facet normal 0 1 0
    outer loop
      vertex 97 120 185
      vertex 105 120 180
      vertex 97 120 180
    endloop
  endfacet
  facet normal 0 1 -0
    outer loop
      vertex 125 120 180
      vertex 117 120 185
      vertex 125 120 185
    endloop
  endfacet
  facet normal 0 1 0
    outer loop
      vertex 117 120 185
      vertex 125 120 180
      vertex 117 120 180
    endloop
  endfacet
  facet normal 0 1 0
    outer loop
      vertex 125 120 185
      vertex 170 120 200
      vertex 137 120 185
    endloop
  endfacet
  facet normal 0 1 0
    outer loop
      vertex 170 120 200
      vertex 137 120 180
      vertex 137 120 185
    endloop
  endfacet
  facet normal 0 1 0
    outer loop
      vertex 170 120 0
      vertex 125 120 180
      vertex 137 120 180
    endloop
  endfacet
  facet normal 0 1 0
    outer loop
      vertex 125 120 180
      vertex 170 120 0
      vertex 117 120 180
    endloop
  endfacet
  facet normal 0 1 0
    outer loop
      vertex 117 120 180
      vertex 170 120 0
      vertex 105 120 180
    endloop
  endfacet
  facet normal 0 1 0
    outer loop
      vertex 105 120 180
      vertex 170 120 0
      vertex 97 120 180
    endloop
  endfacet
  facet normal 0 1 0
    outer loop
      vertex 97 120 180
      vertex 170 120 0
      vertex 85 120 180
    endloop
  endfacet
  facet normal 0 1 0
    outer loop
      vertex 0 120 0
      vertex 85 120 180
      vertex 170 120 0
    endloop
  endfacet
  facet normal 0 1 0
    outer loop
      vertex 85 120 180
      vertex 0 120 0
      vertex 77 120 180
    endloop
  endfacet
  facet normal 0 1 0
    outer loop
      vertex 77 120 180
      vertex 0 120 0
      vertex 65 120 180
    endloop
  endfacet
  facet normal 0 1 0
    outer loop
      vertex 65 120 180
      vertex 0 120 0
      vertex 57 120 180
    endloop
  endfacet
  facet normal 0 1 0
    outer loop
      vertex 57 120 180
      vertex 0 120 0
      vertex 45 120 180
    endloop
  endfacet
  facet normal 0 1 0
    outer loop
      vertex 45 120 180
      vertex 0 120 0
      vertex 37 120 180
    endloop
  endfacet
  facet normal 0 1 -0
    outer loop
      vertex 170 120 0
      vertex 137 120 180
      vertex 170 120 200
    endloop
  endfacet
  facet normal 0 1 0
    outer loop
      vertex 117 120 185
      vertex 170 120 200
      vertex 125 120 185
    endloop
  endfacet
  facet normal 0 1 0
    outer loop
      vertex 105 120 185
      vertex 170 120 200
      vertex 117 120 185
    endloop
  endfacet
  facet normal 0 1 0
    outer loop
      vertex 97 120 185
      vertex 170 120 200
      vertex 105 120 185
    endloop
  endfacet
  facet normal 0 1 0
    outer loop
      vertex 85 120 185
      vertex 170 120 200
      vertex 97 120 185
    endloop
  endfacet
  facet normal 0 1 0
    outer loop
      vertex 170 120 200
      vertex 85 120 185
      vertex 0 120 200
    endloop
  endfacet
  facet normal 0 1 -0
    outer loop
      vertex 77 120 185
      vertex 0 120 200
      vertex 85 120 185
    endloop
  endfacet
  facet normal 0 1 -0
    outer loop
      vertex 65 120 185
      vertex 0 120 200
      vertex 77 120 185
    endloop
  endfacet
  facet normal 0 1 -0
    outer loop
      vertex 57 120 185
      vertex 0 120 200
      vertex 65 120 185
    endloop
  endfacet
  facet normal 0 1 -0
    outer loop
      vertex 45 120 185
      vertex 0 120 200
      vertex 57 120 185
    endloop
  endfacet
  facet normal 0 1 -0
    outer loop
      vertex 37 120 185
      vertex 0 120 200
      vertex 45 120 185
    endloop
  endfacet
  facet normal 0 1 -0
    outer loop
      vertex 25 120 185
      vertex 0 120 200
      vertex 37 120 185
    endloop
  endfacet
  facet normal 0 1 -0
    outer loop
      vertex 25 120 180
      vertex 0 120 200
      vertex 25 120 185
    endloop
  endfacet
  facet normal 0 1 0
    outer loop
      vertex 37 120 180
      vertex 0 120 0
      vertex 25 120 180
    endloop
  endfacet
  facet normal 0 1 0
    outer loop
      vertex 25 120 180
      vertex 0 120 0
      vertex 0 120 200
    endloop
  endfacet
  facet normal 0 -1 0
    outer loop
      vertex 0 0 200
      vertex 2.5 0 197.5
      vertex 170 0 200
    endloop
  endfacet
  facet normal 0 -1 0
    outer loop
      vertex 0 0 200
      vertex 2.5 0 2.5
      vertex 2.5 0 197.5
    endloop
  endfacet
  facet normal 0 -1 -0
    outer loop
      vertex 2.5 0 2.5
      vertex 0 0 0
      vertex 167.5 0 2.5
    endloop
  endfacet
  facet normal 0 -1 0
    outer loop
      vertex 0 0 0
      vertex 2.5 0 2.5
      vertex 0 0 200
    endloop
  endfacet
  facet normal 0 -1 0
    outer loop
      vertex 167.5 0 197.5
      vertex 170 0 200
      vertex 2.5 0 197.5
    endloop
  endfacet
  facet normal 0 -1 0
    outer loop
      vertex 167.5 0 2.5
      vertex 170 0 200
      vertex 167.5 0 197.5
    endloop
  endfacet
  facet normal 0 -1 0
    outer loop
      vertex 167.5 0 2.5
      vertex 170 0 0
      vertex 170 0 200
    endloop
  endfacet
  facet normal 0 -1 0
    outer loop
      vertex 170 0 0
      vertex 167.5 0 2.5
      vertex 0 0 0
    endloop
  endfacet
  facet normal -1 0 0
    outer loop
      vertex 167.5 2.5 184
      vertex 167.5 26 100
      vertex 167.5 2.5 16
    endloop
  endfacet
  facet normal -1 0 0
    outer loop
      vertex 167.5 26 100
      vertex 167.5 2.5 184
      vertex 167.5 12.5 184
    endloop
  endfacet
  facet normal -1 0 0
    outer loop
      vertex 167.5 117.5 2.5
      vertex 167.5 34 100
      vertex 167.5 117.5 197.5
    endloop
  endfacet
  facet normal -1 0 0
    outer loop
      vertex 167.5 117.5 2.5
      vertex 167.5 33.8042 98.7639
      vertex 167.5 34 100
    endloop
  endfacet
  facet normal -1 0 0
    outer loop
      vertex 167.5 117.5 2.5
      vertex 167.5 33.2361 97.6489
      vertex 167.5 33.8042 98.7639
    endloop
  endfacet
  facet normal -1 0 0
    outer loop
      vertex 167.5 117.5 2.5
      vertex 167.5 32.3511 96.7639
      vertex 167.5 33.2361 97.6489
    endloop
  endfacet
  facet normal -1 0 0
    outer loop
      vertex 167.5 12.5 16
      vertex 167.5 32.3511 96.7639
      vertex 167.5 117.5 2.5
    endloop
  endfacet
  facet normal -1 0 0
    outer loop
      vertex 167.5 32.3511 96.7639
      vertex 167.5 12.5 16
      vertex 167.5 31.2361 96.1958
    endloop
  endfacet
  facet normal -1 0 0
    outer loop
      vertex 167.5 31.2361 96.1958
      vertex 167.5 12.5 16
      vertex 167.5 30 96
    endloop
  endfacet
  facet normal -1 -0 0
    outer loop
      vertex 167.5 30 96
      vertex 167.5 12.5 16
      vertex 167.5 28.7639 96.1958
    endloop
  endfacet
  facet normal -1 -0 0
    outer loop
      vertex 167.5 28.7639 96.1958
      vertex 167.5 12.5 16
      vertex 167.5 27.6489 96.7639
    endloop
  endfacet
  facet normal -1 -0 0
    outer loop
      vertex 167.5 27.6489 96.7639
      vertex 167.5 2.5 16
      vertex 167.5 26.7639 97.6489
    endloop
  endfacet
  facet normal -1 0 0
    outer loop
      vertex 167.5 2.5 16
      vertex 167.5 27.6489 96.7639
      vertex 167.5 12.5 16
    endloop
  endfacet
  facet normal -1 0 0
    outer loop
      vertex 167.5 12.5 16
      vertex 167.5 117.5 2.5
      vertex 167.5 12.5 8
    endloop
  endfacet
  facet normal -1 0 0
    outer loop
      vertex 167.5 0 2.5
      vertex 167.5 12.5 8
      vertex 167.5 117.5 2.5
    endloop
  endfacet
  facet normal -1 0 0
    outer loop
      vertex 167.5 0 2.5
      vertex 167.5 2.5 16
      vertex 167.5 2.5 8
    endloop
  endfacet
  facet normal -1 -0 0
    outer loop
      vertex 167.5 2.5 16
      vertex 167.5 0 2.5
      vertex 167.5 2.5 184
    endloop
  endfacet
  facet normal -1 0 0
    outer loop
      vertex 167.5 0 197.5
      vertex 167.5 2.5 184
      vertex 167.5 0 2.5
    endloop
  endfacet
  facet normal -1 -0 0
    outer loop
      vertex 167.5 12.5 8
      vertex 167.5 0 2.5
      vertex 167.5 2.5 8
    endloop
  endfacet
  facet normal -1 0 0
    outer loop
      vertex 167.5 33.8042 101.236
      vertex 167.5 117.5 197.5
      vertex 167.5 34 100
    endloop
  endfacet
  facet normal -1 0 0
    outer loop
      vertex 167.5 33.2361 102.351
      vertex 167.5 117.5 197.5
      vertex 167.5 33.8042 101.236
    endloop
  endfacet
  facet normal -1 0 0
    outer loop
      vertex 167.5 32.3511 103.236
      vertex 167.5 117.5 197.5
      vertex 167.5 33.2361 102.351
    endloop
  endfacet
  facet normal -1 0 0
    outer loop
      vertex 167.5 12.5 184
      vertex 167.5 32.3511 103.236
      vertex 167.5 31.2361 103.804
    endloop
  endfacet
  facet normal -1 0 0
    outer loop
      vertex 167.5 12.5 184
      vertex 167.5 31.2361 103.804
      vertex 167.5 30 104
    endloop
  endfacet
  facet normal -1 0 0
    outer loop
      vertex 167.5 12.5 184
      vertex 167.5 30 104
      vertex 167.5 28.7639 103.804
    endloop
  endfacet
  facet normal -1 0 0
    outer loop
      vertex 167.5 12.5 184
      vertex 167.5 28.7639 103.804
      vertex 167.5 27.6489 103.236
    endloop
  endfacet
  facet normal -1 0 0
    outer loop
      vertex 167.5 12.5 184
      vertex 167.5 27.6489 103.236
      vertex 167.5 26.7639 102.351
    endloop
  endfacet
  facet normal -1 -0 0
    outer loop
      vertex 167.5 26.7639 97.6489
      vertex 167.5 2.5 16
      vertex 167.5 26.1958 98.7639
    endloop
  endfacet
  facet normal -1 -0 0
    outer loop
      vertex 167.5 26.1958 98.7639
      vertex 167.5 2.5 16
      vertex 167.5 26 100
    endloop
  endfacet
  facet normal -1 0 0
    outer loop
      vertex 167.5 26 100
      vertex 167.5 12.5 184
      vertex 167.5 26.1958 101.236
    endloop
  endfacet
  facet normal -1 0 0
    outer loop
      vertex 167.5 12.5 184
      vertex 167.5 26.7639 102.351
      vertex 167.5 26.1958 101.236
    endloop
  endfacet
  facet normal -1 0 0
    outer loop
      vertex 167.5 32.3511 103.236
      vertex 167.5 12.5 184
      vertex 167.5 117.5 197.5
    endloop
  endfacet
  facet normal -1 0 0
    outer loop
      vertex 167.5 12.5 192
      vertex 167.5 117.5 197.5
      vertex 167.5 12.5 184
    endloop
  endfacet
  facet normal -1 0 0
    outer loop
      vertex 167.5 0 197.5
      vertex 167.5 12.5 192
      vertex 167.5 2.5 192
    endloop
  endfacet
  facet normal -1 0 0
    outer loop
      vertex 167.5 12.5 192
      vertex 167.5 0 197.5
      vertex 167.5 117.5 197.5
    endloop
  endfacet
  facet normal -1 0 0
    outer loop
      vertex 167.5 2.5 184
      vertex 167.5 0 197.5
      vertex 167.5 2.5 192
    endloop
  endfacet
  facet normal 0 0 -1
    outer loop
      vertex 2.5 0 197.5
      vertex 167.5 117.5 197.5
      vertex 167.5 0 197.5
    endloop
  endfacet
  facet normal -0 0 -1
    outer loop
      vertex 167.5 117.5 197.5
      vertex 2.5 0 197.5
      vertex 2.5 117.5 197.5
    endloop
  endfacet
  facet normal 0 0 1
    outer loop
      vertex 21.201 40.4975 2.5
      vertex 21.201 39.5025 2.5
      vertex 21.3 40 2.5
    endloop
  endfacet
  facet normal 0 0 1
    outer loop
      vertex 20.9192 40.9192 2.5
      vertex 21.201 39.5025 2.5
      vertex 21.201 40.4975 2.5
    endloop
  endfacet
  facet normal 0 0 1
    outer loop
      vertex 20.9192 40.9192 2.5
      vertex 20.9192 39.0808 2.5
      vertex 21.201 39.5025 2.5
    endloop
  endfacet
  facet normal 0 0 1
    outer loop
      vertex 20.4975 41.201 2.5
      vertex 20.9192 39.0808 2.5
      vertex 20.9192 40.9192 2.5
    endloop
  endfacet
  facet normal 0 0 1
    outer loop
      vertex 20.4975 41.201 2.5
      vertex 20.4975 38.799 2.5
      vertex 20.9192 39.0808 2.5
    endloop
  endfacet
  facet normal 0 0 1
    outer loop
      vertex 20 41.3 2.5
      vertex 20.4975 38.799 2.5
      vertex 20.4975 41.201 2.5
    endloop
  endfacet
  facet normal 0 0 1
    outer loop
      vertex 20 41.3 2.5
      vertex 20 38.7 2.5
      vertex 20.4975 38.799 2.5
    endloop
  endfacet
  facet normal -0 0 1
    outer loop
      vertex 19.5025 41.201 2.5
      vertex 20 38.7 2.5
      vertex 20 41.3 2.5
    endloop
  endfacet
  facet normal 0 0 1
    outer loop
      vertex 19.5025 41.201 2.5
      vertex 19.5025 38.799 2.5
      vertex 20 38.7 2.5
    endloop
  endfacet
  facet normal -0 0 1
    outer loop
      vertex 19.0808 40.9192 2.5
      vertex 19.5025 38.799 2.5
      vertex 19.5025 41.201 2.5
    endloop
  endfacet
  facet normal 0 0 1
    outer loop
      vertex 19.0808 40.9192 2.5
      vertex 19.0808 39.0808 2.5
      vertex 19.5025 38.799 2.5
    endloop
  endfacet
  facet normal -0 0 1
    outer loop
      vertex 18.799 40.4975 2.5
      vertex 19.0808 39.0808 2.5
      vertex 19.0808 40.9192 2.5
    endloop
  endfacet
  facet normal 0 0 1
    outer loop
      vertex 18.799 40.4975 2.5
      vertex 18.799 39.5025 2.5
      vertex 19.0808 39.0808 2.5
    endloop
  endfacet
  facet normal 0 -0 1
    outer loop
      vertex 18.799 39.5025 2.5
      vertex 18.799 40.4975 2.5
      vertex 18.7 40 2.5
    endloop
  endfacet
  facet normal 0 0 1
    outer loop
      vertex 21.201 89.4975 2.5
      vertex 21.201 88.5025 2.5
      vertex 21.3 89 2.5
    endloop
  endfacet
  facet normal 0 0 1
    outer loop
      vertex 20.9192 89.9192 2.5
      vertex 21.201 88.5025 2.5
      vertex 21.201 89.4975 2.5
    endloop
  endfacet
  facet normal 0 0 1
    outer loop
      vertex 20.9192 89.9192 2.5
      vertex 20.9192 88.0808 2.5
      vertex 21.201 88.5025 2.5
    endloop
  endfacet
  facet normal 0 0 1
    outer loop
      vertex 20.4975 90.201 2.5
      vertex 20.9192 88.0808 2.5
      vertex 20.9192 89.9192 2.5
    endloop
  endfacet
  facet normal 0 0 1
    outer loop
      vertex 20.4975 90.201 2.5
      vertex 20.4975 87.799 2.5
      vertex 20.9192 88.0808 2.5
    endloop
  endfacet
  facet normal 0 0 1
    outer loop
      vertex 20 90.3 2.5
      vertex 20.4975 87.799 2.5
      vertex 20.4975 90.201 2.5
    endloop
  endfacet
  facet normal 0 0 1
    outer loop
      vertex 20 90.3 2.5
      vertex 20 87.7 2.5
      vertex 20.4975 87.799 2.5
    endloop
  endfacet
  facet normal -0 0 1
    outer loop
      vertex 19.5025 90.201 2.5
      vertex 20 87.7 2.5
      vertex 20 90.3 2.5
    endloop
  endfacet
  facet normal 0 0 1
    outer loop
      vertex 19.5025 90.201 2.5
      vertex 19.5025 87.799 2.5
      vertex 20 87.7 2.5
    endloop
  endfacet
  facet normal -0 0 1
    outer loop
      vertex 19.0808 89.9192 2.5
      vertex 19.5025 87.799 2.5
      vertex 19.5025 90.201 2.5
    endloop
  endfacet
  facet normal 0 0 1
    outer loop
      vertex 19.0808 89.9192 2.5
      vertex 19.0808 88.0808 2.5
      vertex 19.5025 87.799 2.5
    endloop
  endfacet
  facet normal -0 0 1
    outer loop
      vertex 18.799 89.4975 2.5
      vertex 19.0808 88.0808 2.5
      vertex 19.0808 89.9192 2.5
    endloop
  endfacet
  facet normal 0 0 1
    outer loop
      vertex 18.799 89.4975 2.5
      vertex 18.799 88.5025 2.5
      vertex 19.0808 88.0808 2.5
    endloop
  endfacet
  facet normal 0 -0 1
    outer loop
      vertex 18.799 88.5025 2.5
      vertex 18.799 89.4975 2.5
      vertex 18.7 89 2.5
    endloop
  endfacet
  facet normal 0 0 1
    outer loop
      vertex 79.201 40.4975 2.5
      vertex 79.201 39.5025 2.5
      vertex 79.3 40 2.5
    endloop
  endfacet
  facet normal 0 0 1
    outer loop
      vertex 78.9192 40.9192 2.5
      vertex 79.201 39.5025 2.5
      vertex 79.201 40.4975 2.5
    endloop
  endfacet
  facet normal 0 0 1
    outer loop
      vertex 78.9192 40.9192 2.5
      vertex 78.9192 39.0808 2.5
      vertex 79.201 39.5025 2.5
    endloop
  endfacet
  facet normal 0 0 1
    outer loop
      vertex 78.4975 41.201 2.5
      vertex 78.9192 39.0808 2.5
      vertex 78.9192 40.9192 2.5
    endloop
  endfacet
  facet normal 0 0 1
    outer loop
      vertex 78.4975 41.201 2.5
      vertex 78.4975 38.799 2.5
      vertex 78.9192 39.0808 2.5
    endloop
  endfacet
  facet normal 0 0 1
    outer loop
      vertex 78 41.3 2.5
      vertex 78.4975 38.799 2.5
      vertex 78.4975 41.201 2.5
    endloop
  endfacet
  facet normal 0 0 1
    outer loop
      vertex 78 41.3 2.5
      vertex 78 38.7 2.5
      vertex 78.4975 38.799 2.5
    endloop
  endfacet
  facet normal -0 0 1
    outer loop
      vertex 77.5025 41.201 2.5
      vertex 78 38.7 2.5
      vertex 78 41.3 2.5
    endloop
  endfacet
  facet normal 0 0 1
    outer loop
      vertex 77.5025 41.201 2.5
      vertex 77.5025 38.799 2.5
      vertex 78 38.7 2.5
    endloop
  endfacet
  facet normal -0 0 1
    outer loop
      vertex 77.0808 40.9192 2.5
      vertex 77.5025 38.799 2.5
      vertex 77.5025 41.201 2.5
    endloop
  endfacet
  facet normal 0 0 1
    outer loop
      vertex 77.0808 40.9192 2.5
      vertex 77.0808 39.0808 2.5
      vertex 77.5025 38.799 2.5
    endloop
  endfacet
  facet normal -0 0 1
    outer loop
      vertex 76.799 40.4975 2.5
      vertex 77.0808 39.0808 2.5
      vertex 77.0808 40.9192 2.5
    endloop
  endfacet
  facet normal 0 0 1
    outer loop
      vertex 76.799 40.4975 2.5
      vertex 76.799 39.5025 2.5
      vertex 77.0808 39.0808 2.5
    endloop
  endfacet
  facet normal 0 -0 1
    outer loop
      vertex 76.799 39.5025 2.5
      vertex 76.799 40.4975 2.5
      vertex 76.7 40 2.5
    endloop
  endfacet
  facet normal 0 0 1
    outer loop
      vertex 79.201 89.4975 2.5
      vertex 79.201 88.5025 2.5
      vertex 79.3 89 2.5
    endloop
  endfacet
  facet normal 0 0 1
    outer loop
      vertex 78.9192 89.9192 2.5
      vertex 79.201 88.5025 2.5
      vertex 79.201 89.4975 2.5
    endloop
  endfacet
  facet normal 0 0 1
    outer loop
      vertex 78.9192 89.9192 2.5
      vertex 78.9192 88.0808 2.5
      vertex 79.201 88.5025 2.5
    endloop
  endfacet
  facet normal 0 0 1
    outer loop
      vertex 78.4975 90.201 2.5
      vertex 78.9192 88.0808 2.5
      vertex 78.9192 89.9192 2.5
    endloop
  endfacet
  facet normal 0 0 1
    outer loop
      vertex 78.4975 90.201 2.5
      vertex 78.4975 87.799 2.5
      vertex 78.9192 88.0808 2.5
    endloop
  endfacet
  facet normal 0 0 1
    outer loop
      vertex 78 90.3 2.5
      vertex 78.4975 87.799 2.5
      vertex 78.4975 90.201 2.5
    endloop
  endfacet
  facet normal 0 0 1
    outer loop
      vertex 78 90.3 2.5
      vertex 78 87.7 2.5
      vertex 78.4975 87.799 2.5
    endloop
  endfacet
  facet normal -0 0 1
    outer loop
      vertex 77.5025 90.201 2.5
      vertex 78 87.7 2.5
      vertex 78 90.3 2.5
    endloop
  endfacet
  facet normal 0 0 1
    outer loop
      vertex 77.5025 90.201 2.5
      vertex 77.5025 87.799 2.5
      vertex 78 87.7 2.5
    endloop
  endfacet
  facet normal -0 0 1
    outer loop
      vertex 77.0808 89.9192 2.5
      vertex 77.5025 87.799 2.5
      vertex 77.5025 90.201 2.5
    endloop
  endfacet
  facet normal 0 0 1
    outer loop
      vertex 77.0808 89.9192 2.5
      vertex 77.0808 88.0808 2.5
      vertex 77.5025 87.799 2.5
    endloop
  endfacet
  facet normal -0 0 1
    outer loop
      vertex 76.799 89.4975 2.5
      vertex 77.0808 88.0808 2.5
      vertex 77.0808 89.9192 2.5
    endloop
  endfacet
  facet normal 0 0 1
    outer loop
      vertex 76.799 89.4975 2.5
      vertex 76.799 88.5025 2.5
      vertex 77.0808 88.0808 2.5
    endloop
  endfacet
  facet normal 0 -0 1
    outer loop
      vertex 76.799 88.5025 2.5
      vertex 76.799 89.4975 2.5
      vertex 76.7 89 2.5
    endloop
  endfacet
  facet normal 0 0 1
    outer loop
      vertex 50 36.5 2.5
      vertex 22.5981 87.5 2.5
      vertex 46 36.5 2.5
    endloop
  endfacet
  facet normal 0 0 1
    outer loop
      vertex 46 36.5 2.5
      vertex 22.8978 40.7765 2.5
      vertex 23 40 2.5
    endloop
  endfacet
  facet normal -0 0 1
    outer loop
      vertex 22.1213 86.8787 2.5
      vertex 46 36.5 2.5
      vertex 22.5981 87.5 2.5
    endloop
  endfacet
  facet normal 0 0 1
    outer loop
      vertex 46 36.5 2.5
      vertex 22.5981 41.5 2.5
      vertex 22.8978 40.7765 2.5
    endloop
  endfacet
  facet normal -0 0 1
    outer loop
      vertex 22.1213 42.1213 2.5
      vertex 46 36.5 2.5
      vertex 22.1213 86.8787 2.5
    endloop
  endfacet
  facet normal 0 0 1
    outer loop
      vertex 46 36.5 2.5
      vertex 22.1213 42.1213 2.5
      vertex 22.5981 41.5 2.5
    endloop
  endfacet
  facet normal -0 0 1
    outer loop
      vertex 21.5 86.4019 2.5
      vertex 22.1213 42.1213 2.5
      vertex 22.1213 86.8787 2.5
    endloop
  endfacet
  facet normal 0 0 1
    outer loop
      vertex 21.5 86.4019 2.5
      vertex 21.5 42.5981 2.5
      vertex 22.1213 42.1213 2.5
    endloop
  endfacet
  facet normal -0 0 1
    outer loop
      vertex 20.7765 86.1022 2.5
      vertex 21.5 42.5981 2.5
      vertex 21.5 86.4019 2.5
    endloop
  endfacet
  facet normal 0 0 1
    outer loop
      vertex 20.7765 86.1022 2.5
      vertex 20.7765 42.8978 2.5
      vertex 21.5 42.5981 2.5
    endloop
  endfacet
  facet normal -0 0 1
    outer loop
      vertex 20 86 2.5
      vertex 20.7765 42.8978 2.5
      vertex 20.7765 86.1022 2.5
    endloop
  endfacet
  facet normal 0 0 1
    outer loop
      vertex 20 86 2.5
      vertex 20 43 2.5
      vertex 20.7765 42.8978 2.5
    endloop
  endfacet
  facet normal 0 0 1
    outer loop
      vertex 19.2235 86.1022 2.5
      vertex 20 43 2.5
      vertex 20 86 2.5
    endloop
  endfacet
  facet normal 0 0 1
    outer loop
      vertex 19.2235 86.1022 2.5
      vertex 19.2235 42.8978 2.5
      vertex 20 43 2.5
    endloop
  endfacet
  facet normal 0 0 1
    outer loop
      vertex 18.5 86.4019 2.5
      vertex 19.2235 42.8978 2.5
      vertex 19.2235 86.1022 2.5
    endloop
  endfacet
  facet normal 0 0 1
    outer loop
      vertex 18.5 86.4019 2.5
      vertex 18.5 42.5981 2.5
      vertex 19.2235 42.8978 2.5
    endloop
  endfacet
  facet normal 0 0 1
    outer loop
      vertex 17.8787 86.8787 2.5
      vertex 18.5 42.5981 2.5
      vertex 18.5 86.4019 2.5
    endloop
  endfacet
  facet normal 0 0 1
    outer loop
      vertex 17.8787 86.8787 2.5
      vertex 17.8787 42.1213 2.5
      vertex 18.5 42.5981 2.5
    endloop
  endfacet
  facet normal 0 0 1
    outer loop
      vertex 17.4019 87.5 2.5
      vertex 17.8787 42.1213 2.5
      vertex 17.8787 86.8787 2.5
    endloop
  endfacet
  facet normal 0 0 1
    outer loop
      vertex 17.4019 87.5 2.5
      vertex 17.4019 41.5 2.5
      vertex 17.8787 42.1213 2.5
    endloop
  endfacet
  facet normal 0 0 1
    outer loop
      vertex 17.1022 88.2235 2.5
      vertex 17.4019 41.5 2.5
      vertex 17.4019 87.5 2.5
    endloop
  endfacet
  facet normal 0 0 1
    outer loop
      vertex 17.1022 88.2235 2.5
      vertex 17.1022 40.7765 2.5
      vertex 17.4019 41.5 2.5
    endloop
  endfacet
  facet normal 0 0 1
    outer loop
      vertex 2.5 117.5 2.5
      vertex 17.1022 88.2235 2.5
      vertex 17 89 2.5
    endloop
  endfacet
  facet normal 0 0 1
    outer loop
      vertex 17.1022 88.2235 2.5
      vertex 2.5 117.5 2.5
      vertex 17.1022 40.7765 2.5
    endloop
  endfacet
  facet normal -0 0 1
    outer loop
      vertex 80.5981 87.5 2.5
      vertex 120 36.5 2.5
      vertex 80.8978 88.2235 2.5
    endloop
  endfacet
  facet normal 0 0 1
    outer loop
      vertex 120 36.5 2.5
      vertex 80.8978 40.7765 2.5
      vertex 81 40 2.5
    endloop
  endfacet
  facet normal -0 0 1
    outer loop
      vertex 80.1213 86.8787 2.5
      vertex 120 36.5 2.5
      vertex 80.5981 87.5 2.5
    endloop
  endfacet
  facet normal 0 0 1
    outer loop
      vertex 120 36.5 2.5
      vertex 80.5981 41.5 2.5
      vertex 80.8978 40.7765 2.5
    endloop
  endfacet
  facet normal -0 0 1
    outer loop
      vertex 80.1213 42.1213 2.5
      vertex 120 36.5 2.5
      vertex 80.1213 86.8787 2.5
    endloop
  endfacet
  facet normal 0 0 1
    outer loop
      vertex 120 36.5 2.5
      vertex 80.1213 42.1213 2.5
      vertex 80.5981 41.5 2.5
    endloop
  endfacet
  facet normal -0 0 1
    outer loop
      vertex 79.5 86.4019 2.5
      vertex 80.1213 42.1213 2.5
      vertex 80.1213 86.8787 2.5
    endloop
  endfacet
  facet normal 0 0 1
    outer loop
      vertex 79.5 86.4019 2.5
      vertex 79.5 42.5981 2.5
      vertex 80.1213 42.1213 2.5
    endloop
  endfacet
  facet normal -0 0 1
    outer loop
      vertex 78.7765 86.1022 2.5
      vertex 79.5 42.5981 2.5
      vertex 79.5 86.4019 2.5
    endloop
  endfacet
  facet normal 0 0 1
    outer loop
      vertex 78.7765 86.1022 2.5
      vertex 78.7765 42.8978 2.5
      vertex 79.5 42.5981 2.5
    endloop
  endfacet
  facet normal -0 0 1
    outer loop
      vertex 78 86 2.5
      vertex 78.7765 42.8978 2.5
      vertex 78.7765 86.1022 2.5
    endloop
  endfacet
  facet normal 0 0 1
    outer loop
      vertex 78 86 2.5
      vertex 78 43 2.5
      vertex 78.7765 42.8978 2.5
    endloop
  endfacet
  facet normal 0 0 1
    outer loop
      vertex 77.2235 86.1022 2.5
      vertex 78 43 2.5
      vertex 78 86 2.5
    endloop
  endfacet
  facet normal 0 0 1
    outer loop
      vertex 77.2235 86.1022 2.5
      vertex 77.2235 42.8978 2.5
      vertex 78 43 2.5
    endloop
  endfacet
  facet normal 0 0 1
    outer loop
      vertex 76.5 86.4019 2.5
      vertex 77.2235 42.8978 2.5
      vertex 77.2235 86.1022 2.5
    endloop
  endfacet
  facet normal 0 0 1
    outer loop
      vertex 76.5 86.4019 2.5
      vertex 76.5 42.5981 2.5
      vertex 77.2235 42.8978 2.5
    endloop
  endfacet
  facet normal 0 0 1
    outer loop
      vertex 75.8787 86.8787 2.5
      vertex 76.5 42.5981 2.5
      vertex 76.5 86.4019 2.5
    endloop
  endfacet
  facet normal 0 0 1
    outer loop
      vertex 75.8787 86.8787 2.5
      vertex 75.8787 42.1213 2.5
      vertex 76.5 42.5981 2.5
    endloop
  endfacet
  facet normal 0 0 1
    outer loop
      vertex 50 36.5 2.5
      vertex 75.8787 86.8787 2.5
      vertex 75.4019 87.5 2.5
    endloop
  endfacet
  facet normal 0 0 1
    outer loop
      vertex 75.8787 86.8787 2.5
      vertex 50 36.5 2.5
      vertex 75.8787 42.1213 2.5
    endloop
  endfacet
  facet normal 0 0 1
    outer loop
      vertex 22.8978 88.2235 2.5
      vertex 75.1022 88.2235 2.5
      vertex 23 89 2.5
    endloop
  endfacet
  facet normal 0 0 1
    outer loop
      vertex 75.8787 42.1213 2.5
      vertex 50 36.5 2.5
      vertex 75.4019 41.5 2.5
    endloop
  endfacet
  facet normal -0 0 1
    outer loop
      vertex 23 89 2.5
      vertex 75.1022 88.2235 2.5
      vertex 75 89 2.5
    endloop
  endfacet
  facet normal 0 0 1
    outer loop
      vertex 75.4019 41.5 2.5
      vertex 50 36.5 2.5
      vertex 75.1022 40.7765 2.5
    endloop
  endfacet
  facet normal 0 0 1
    outer loop
      vertex 167.5 117.5 2.5
      vertex 124 36.5 2.5
      vertex 167.5 0 2.5
    endloop
  endfacet
  facet normal -0 0 1
    outer loop
      vertex 81 89 2.5
      vertex 124 36.5 2.5
      vertex 167.5 117.5 2.5
    endloop
  endfacet
  facet normal 0 0 1
    outer loop
      vertex 124 36.5 2.5
      vertex 80.8978 88.2235 2.5
      vertex 120 36.5 2.5
    endloop
  endfacet
  facet normal -0 0 1
    outer loop
      vertex 80.8978 88.2235 2.5
      vertex 124 36.5 2.5
      vertex 81 89 2.5
    endloop
  endfacet
  facet normal 0 0 1
    outer loop
      vertex 167.5 117.5 2.5
      vertex 80.8978 89.7765 2.5
      vertex 81 89 2.5
    endloop
  endfacet
  facet normal 0 0 1
    outer loop
      vertex 167.5 117.5 2.5
      vertex 80.5981 90.5 2.5
      vertex 80.8978 89.7765 2.5
    endloop
  endfacet
  facet normal 0 0 1
    outer loop
      vertex 167.5 117.5 2.5
      vertex 80.1213 91.1213 2.5
      vertex 80.5981 90.5 2.5
    endloop
  endfacet
  facet normal 0 0 1
    outer loop
      vertex 167.5 117.5 2.5
      vertex 79.5 91.5981 2.5
      vertex 80.1213 91.1213 2.5
    endloop
  endfacet
  facet normal 0 0 1
    outer loop
      vertex 167.5 117.5 2.5
      vertex 78.7765 91.8978 2.5
      vertex 79.5 91.5981 2.5
    endloop
  endfacet
  facet normal 0 0 1
    outer loop
      vertex 167.5 117.5 2.5
      vertex 78 92 2.5
      vertex 78.7765 91.8978 2.5
    endloop
  endfacet
  facet normal -0 0 1
    outer loop
      vertex 2.5 117.5 2.5
      vertex 78 92 2.5
      vertex 167.5 117.5 2.5
    endloop
  endfacet
  facet normal 0 0 1
    outer loop
      vertex 75.1022 40.7765 2.5
      vertex 50 36.5 2.5
      vertex 75 40 2.5
    endloop
  endfacet
  facet normal 0 0 1
    outer loop
      vertex 23 89 2.5
      vertex 75 89 2.5
      vertex 75.1022 89.7765 2.5
    endloop
  endfacet
  facet normal 0 0 1
    outer loop
      vertex 22.8978 89.7765 2.5
      vertex 75.1022 89.7765 2.5
      vertex 75.4019 90.5 2.5
    endloop
  endfacet
  facet normal 0 0 1
    outer loop
      vertex 75.1022 88.2235 2.5
      vertex 22.8978 88.2235 2.5
      vertex 75.4019 87.5 2.5
    endloop
  endfacet
  facet normal 0 0 1
    outer loop
      vertex 75.4019 87.5 2.5
      vertex 22.5981 87.5 2.5
      vertex 50 36.5 2.5
    endloop
  endfacet
  facet normal 0 0 1
    outer loop
      vertex 22.5981 87.5 2.5
      vertex 75.4019 87.5 2.5
      vertex 22.8978 88.2235 2.5
    endloop
  endfacet
  facet normal 0 0 1
    outer loop
      vertex 22.5981 90.5 2.5
      vertex 75.4019 90.5 2.5
      vertex 75.8787 91.1213 2.5
    endloop
  endfacet
  facet normal 0 0 1
    outer loop
      vertex 22.1213 91.1213 2.5
      vertex 75.8787 91.1213 2.5
      vertex 76.5 91.5981 2.5
    endloop
  endfacet
  facet normal 0 0 1
    outer loop
      vertex 2.5 117.5 2.5
      vertex 76.5 91.5981 2.5
      vertex 77.2235 91.8978 2.5
    endloop
  endfacet
  facet normal 0 0 1
    outer loop
      vertex 78 92 2.5
      vertex 2.5 117.5 2.5
      vertex 77.2235 91.8978 2.5
    endloop
  endfacet
  facet normal 0 0 1
    outer loop
      vertex 75.1022 89.7765 2.5
      vertex 22.8978 89.7765 2.5
      vertex 23 89 2.5
    endloop
  endfacet
  facet normal 0 0 1
    outer loop
      vertex 75.4019 90.5 2.5
      vertex 22.5981 90.5 2.5
      vertex 22.8978 89.7765 2.5
    endloop
  endfacet
  facet normal 0 0 1
    outer loop
      vertex 75.8787 91.1213 2.5
      vertex 22.1213 91.1213 2.5
      vertex 22.5981 90.5 2.5
    endloop
  endfacet
  facet normal 0 0 1
    outer loop
      vertex 76.5 91.5981 2.5
      vertex 2.5 117.5 2.5
      vertex 21.5 91.5981 2.5
    endloop
  endfacet
  facet normal 0 0 1
    outer loop
      vertex 76.5 91.5981 2.5
      vertex 21.5 91.5981 2.5
      vertex 22.1213 91.1213 2.5
    endloop
  endfacet
  facet normal 0 0 1
    outer loop
      vertex 21.5 91.5981 2.5
      vertex 2.5 117.5 2.5
      vertex 20.7765 91.8978 2.5
    endloop
  endfacet
  facet normal 0 0 1
    outer loop
      vertex 20.7765 91.8978 2.5
      vertex 2.5 117.5 2.5
      vertex 20 92 2.5
    endloop
  endfacet
  facet normal 0 0 1
    outer loop
      vertex 2.5 0 2.5
      vertex 17.1022 40.7765 2.5
      vertex 2.5 117.5 2.5
    endloop
  endfacet
  facet normal 0 0 1
    outer loop
      vertex 17.1022 89.7765 2.5
      vertex 2.5 117.5 2.5
      vertex 17 89 2.5
    endloop
  endfacet
  facet normal 0 0 1
    outer loop
      vertex 17.4019 90.5 2.5
      vertex 2.5 117.5 2.5
      vertex 17.1022 89.7765 2.5
    endloop
  endfacet
  facet normal 0 0 1
    outer loop
      vertex 17.8787 91.1213 2.5
      vertex 2.5 117.5 2.5
      vertex 17.4019 90.5 2.5
    endloop
  endfacet
  facet normal 0 0 1
    outer loop
      vertex 18.5 91.5981 2.5
      vertex 2.5 117.5 2.5
      vertex 17.8787 91.1213 2.5
    endloop
  endfacet
  facet normal 0 0 1
    outer loop
      vertex 19.2235 91.8978 2.5
      vertex 2.5 117.5 2.5
      vertex 18.5 91.5981 2.5
    endloop
  endfacet
  facet normal 0 0 1
    outer loop
      vertex 20 92 2.5
      vertex 2.5 117.5 2.5
      vertex 19.2235 91.8978 2.5
    endloop
  endfacet
  facet normal -0 0 1
    outer loop
      vertex 124 4.5 2.5
      vertex 167.5 0 2.5
      vertex 124 36.5 2.5
    endloop
  endfacet
  facet normal -0 0 1
    outer loop
      vertex 120 4.5 2.5
      vertex 167.5 0 2.5
      vertex 124 4.5 2.5
    endloop
  endfacet
  facet normal -0 0 1
    outer loop
      vertex 80.8978 39.2235 2.5
      vertex 120 36.5 2.5
      vertex 81 40 2.5
    endloop
  endfacet
  facet normal -0 0 1
    outer loop
      vertex 80.5981 38.5 2.5
      vertex 120 36.5 2.5
      vertex 80.8978 39.2235 2.5
    endloop
  endfacet
  facet normal -0 0 1
    outer loop
      vertex 80.1213 37.8787 2.5
      vertex 120 36.5 2.5
      vertex 80.5981 38.5 2.5
    endloop
  endfacet
  facet normal 0 0 1
    outer loop
      vertex 120 36.5 2.5
      vertex 80.1213 37.8787 2.5
      vertex 120 4.5 2.5
    endloop
  endfacet
  facet normal -0 0 1
    outer loop
      vertex 79.5 37.4019 2.5
      vertex 120 4.5 2.5
      vertex 80.1213 37.8787 2.5
    endloop
  endfacet
  facet normal -0 0 1
    outer loop
      vertex 78.7765 37.1022 2.5
      vertex 120 4.5 2.5
      vertex 79.5 37.4019 2.5
    endloop
  endfacet
  facet normal 0 0 1
    outer loop
      vertex 50 4.5 2.5
      vertex 78.7765 37.1022 2.5
      vertex 78 37 2.5
    endloop
  endfacet
  facet normal 0 0 1
    outer loop
      vertex 50 4.5 2.5
      vertex 78 37 2.5
      vertex 77.2235 37.1022 2.5
    endloop
  endfacet
  facet normal 0 0 1
    outer loop
      vertex 50 4.5 2.5
      vertex 77.2235 37.1022 2.5
      vertex 76.5 37.4019 2.5
    endloop
  endfacet
  facet normal 0 0 1
    outer loop
      vertex 50 36.5 2.5
      vertex 75.1022 39.2235 2.5
      vertex 75 40 2.5
    endloop
  endfacet
  facet normal 0 0 1
    outer loop
      vertex 50 36.5 2.5
      vertex 75.4019 38.5 2.5
      vertex 75.1022 39.2235 2.5
    endloop
  endfacet
  facet normal 0 0 1
    outer loop
      vertex 50 36.5 2.5
      vertex 75.8787 37.8787 2.5
      vertex 75.4019 38.5 2.5
    endloop
  endfacet
  facet normal 0 0 1
    outer loop
      vertex 50 36.5 2.5
      vertex 76.5 37.4019 2.5
      vertex 75.8787 37.8787 2.5
    endloop
  endfacet
  facet normal 0 0 1
    outer loop
      vertex 50 4.5 2.5
      vertex 76.5 37.4019 2.5
      vertex 50 36.5 2.5
    endloop
  endfacet
  facet normal 0 0 1
    outer loop
      vertex 78.7765 37.1022 2.5
      vertex 50 4.5 2.5
      vertex 120 4.5 2.5
    endloop
  endfacet
  facet normal -0 0 1
    outer loop
      vertex 50 4.5 2.5
      vertex 167.5 0 2.5
      vertex 120 4.5 2.5
    endloop
  endfacet
  facet normal 0 0 1
    outer loop
      vertex 2.5 0 2.5
      vertex 50 4.5 2.5
      vertex 46 4.5 2.5
    endloop
  endfacet
  facet normal -0 0 1
    outer loop
      vertex 22.8978 39.2235 2.5
      vertex 46 36.5 2.5
      vertex 23 40 2.5
    endloop
  endfacet
  facet normal -0 0 1
    outer loop
      vertex 22.5981 38.5 2.5
      vertex 46 36.5 2.5
      vertex 22.8978 39.2235 2.5
    endloop
  endfacet
  facet normal -0 0 1
    outer loop
      vertex 22.1213 37.8787 2.5
      vertex 46 36.5 2.5
      vertex 22.5981 38.5 2.5
    endloop
  endfacet
  facet normal -0 0 1
    outer loop
      vertex 21.5 37.4019 2.5
      vertex 46 36.5 2.5
      vertex 22.1213 37.8787 2.5
    endloop
  endfacet
  facet normal 0 0 1
    outer loop
      vertex 46 36.5 2.5
      vertex 21.5 37.4019 2.5
      vertex 46 4.5 2.5
    endloop
  endfacet
  facet normal -0 0 1
    outer loop
      vertex 20.7765 37.1022 2.5
      vertex 46 4.5 2.5
      vertex 21.5 37.4019 2.5
    endloop
  endfacet
  facet normal -0 0 1
    outer loop
      vertex 20 37 2.5
      vertex 46 4.5 2.5
      vertex 20.7765 37.1022 2.5
    endloop
  endfacet
  facet normal 0 0 1
    outer loop
      vertex 2.5 0 2.5
      vertex 20 37 2.5
      vertex 19.2235 37.1022 2.5
    endloop
  endfacet
  facet normal 0 0 1
    outer loop
      vertex 2.5 0 2.5
      vertex 19.2235 37.1022 2.5
      vertex 18.5 37.4019 2.5
    endloop
  endfacet
  facet normal 0 0 1
    outer loop
      vertex 2.5 0 2.5
      vertex 18.5 37.4019 2.5
      vertex 17.8787 37.8787 2.5
    endloop
  endfacet
  facet normal 0 0 1
    outer loop
      vertex 17.1022 40.7765 2.5
      vertex 2.5 0 2.5
      vertex 17 40 2.5
    endloop
  endfacet
  facet normal 0 0 1
    outer loop
      vertex 50 4.5 2.5
      vertex 2.5 0 2.5
      vertex 167.5 0 2.5
    endloop
  endfacet
  facet normal 0 0 1
    outer loop
      vertex 20 37 2.5
      vertex 2.5 0 2.5
      vertex 46 4.5 2.5
    endloop
  endfacet
  facet normal 0 0 1
    outer loop
      vertex 17.4019 38.5 2.5
      vertex 2.5 0 2.5
      vertex 17.8787 37.8787 2.5
    endloop
  endfacet
  facet normal 0 0 1
    outer loop
      vertex 17.1022 39.2235 2.5
      vertex 2.5 0 2.5
      vertex 17.4019 38.5 2.5
    endloop
  endfacet
  facet normal 0 0 1
    outer loop
      vertex 17 40 2.5
      vertex 2.5 0 2.5
      vertex 17.1022 39.2235 2.5
    endloop
  endfacet
  facet normal 1 -0 0
    outer loop
      vertex 2.5 2.5 184
      vertex 2.5 12.5 16
      vertex 2.5 12.5 184
    endloop
  endfacet
  facet normal 1 0 0
    outer loop
      vertex 2.5 12.5 16
      vertex 2.5 2.5 184
      vertex 2.5 2.5 16
    endloop
  endfacet
  facet normal 1 0 0
    outer loop
      vertex 2.5 117.5 197.5
      vertex 2.5 52 20
      vertex 2.5 117.5 2.5
    endloop
  endfacet
  facet normal 1 -0 0
    outer loop
      vertex 2.5 12.5 184
      vertex 2.5 52 20
      vertex 2.5 117.5 197.5
    endloop
  endfacet
  facet normal 1 0 0
    outer loop
      vertex 2.5 52 20
      vertex 2.5 12.5 184
      vertex 2.5 40 20
    endloop
  endfacet
  facet normal 1 0 0
    outer loop
      vertex 2.5 12.5 184
      vertex 2.5 117.5 197.5
      vertex 2.5 12.5 192
    endloop
  endfacet
  facet normal 1 -0 0
    outer loop
      vertex 2.5 0 197.5
      vertex 2.5 12.5 192
      vertex 2.5 117.5 197.5
    endloop
  endfacet
  facet normal 1 0 0
    outer loop
      vertex 2.5 0 197.5
      vertex 2.5 2.5 184
      vertex 2.5 2.5 192
    endloop
  endfacet
  facet normal 1 0 0
    outer loop
      vertex 2.5 2.5 184
      vertex 2.5 0 197.5
      vertex 2.5 2.5 16
    endloop
  endfacet
  facet normal 1 0 0
    outer loop
      vertex 2.5 0 2.5
      vertex 2.5 2.5 16
      vertex 2.5 0 197.5
    endloop
  endfacet
  facet normal 1 0 0
    outer loop
      vertex 2.5 12.5 192
      vertex 2.5 0 197.5
      vertex 2.5 2.5 192
    endloop
  endfacet
  facet normal 1 -0 0
    outer loop
      vertex 2.5 52 12
      vertex 2.5 117.5 2.5
      vertex 2.5 52 20
    endloop
  endfacet
  facet normal 1 0 0
    outer loop
      vertex 2.5 0 2.5
      vertex 2.5 52 12
      vertex 2.5 40 12
    endloop
  endfacet
  facet normal 1 0 0
    outer loop
      vertex 2.5 12.5 16
      vertex 2.5 40 20
      vertex 2.5 12.5 184
    endloop
  endfacet
  facet normal 1 0 0
    outer loop
      vertex 2.5 40 20
      vertex 2.5 12.5 16
      vertex 2.5 40 12
    endloop
  endfacet
  facet normal 1 0 0
    outer loop
      vertex 2.5 12.5 8
      vertex 2.5 40 12
      vertex 2.5 12.5 16
    endloop
  endfacet
  facet normal 1 0 0
    outer loop
      vertex 2.5 0 2.5
      vertex 2.5 40 12
      vertex 2.5 12.5 8
    endloop
  endfacet
  facet normal 1 0 0
    outer loop
      vertex 2.5 0 2.5
      vertex 2.5 12.5 8
      vertex 2.5 2.5 8
    endloop
  endfacet
  facet normal 1 0 0
    outer loop
      vertex 2.5 52 12
      vertex 2.5 0 2.5
      vertex 2.5 117.5 2.5
    endloop
  endfacet
  facet normal 1 0 0
    outer loop
      vertex 2.5 2.5 16
      vertex 2.5 0 2.5
      vertex 2.5 2.5 8
    endloop
  endfacet
  facet normal 0 -1 0
    outer loop
      vertex 117 117.5 180
      vertex 125 117.5 185
      vertex 117 117.5 185
    endloop
  endfacet
  facet normal 0 -1 -0
    outer loop
      vertex 125 117.5 185
      vertex 117 117.5 180
      vertex 125 117.5 180
    endloop
  endfacet
  facet normal 0 -1 0
    outer loop
      vertex 97 117.5 180
      vertex 105 117.5 185
      vertex 97 117.5 185
    endloop
  endfacet
  facet normal 0 -1 -0
    outer loop
      vertex 105 117.5 185
      vertex 97 117.5 180
      vertex 105 117.5 180
    endloop
  endfacet
  facet normal 0 -1 0
    outer loop
      vertex 77 117.5 180
      vertex 85 117.5 185
      vertex 77 117.5 185
    endloop
  endfacet
  facet normal 0 -1 -0
    outer loop
      vertex 85 117.5 185
      vertex 77 117.5 180
      vertex 85 117.5 180
    endloop
  endfacet
  facet normal 0 -1 0
    outer loop
      vertex 57 117.5 180
      vertex 65 117.5 185
      vertex 57 117.5 185
    endloop
  endfacet
  facet normal 0 -1 -0
    outer loop
      vertex 65 117.5 185
      vertex 57 117.5 180
      vertex 65 117.5 180
    endloop
  endfacet
  facet normal 0 -1 0
    outer loop
      vertex 37 117.5 180
      vertex 45 117.5 185
      vertex 37 117.5 185
    endloop
  endfacet
  facet normal 0 -1 -0
    outer loop
      vertex 45 117.5 185
      vertex 37 117.5 180
      vertex 45 117.5 180
    endloop
  endfacet
  facet normal 0 -1 0
    outer loop
      vertex 37 117.5 185
      vertex 2.5 117.5 197.5
      vertex 25 117.5 185
    endloop
  endfacet
  facet normal 0 -1 0
    outer loop
      vertex 2.5 117.5 197.5
      vertex 25 117.5 180
      vertex 25 117.5 185
    endloop
  endfacet
  facet normal 0 -1 0
    outer loop
      vertex 2.5 117.5 2.5
      vertex 37 117.5 180
      vertex 25 117.5 180
    endloop
  endfacet
  facet normal 0 -1 -0
    outer loop
      vertex 37 117.5 180
      vertex 2.5 117.5 2.5
      vertex 45 117.5 180
    endloop
  endfacet
  facet normal 0 -1 -0
    outer loop
      vertex 45 117.5 180
      vertex 2.5 117.5 2.5
      vertex 57 117.5 180
    endloop
  endfacet
  facet normal 0 -1 -0
    outer loop
      vertex 57 117.5 180
      vertex 2.5 117.5 2.5
      vertex 65 117.5 180
    endloop
  endfacet
  facet normal 0 -1 -0
    outer loop
      vertex 65 117.5 180
      vertex 2.5 117.5 2.5
      vertex 77 117.5 180
    endloop
  endfacet
  facet normal 0 -1 -0
    outer loop
      vertex 77 117.5 180
      vertex 2.5 117.5 2.5
      vertex 85 117.5 180
    endloop
  endfacet
  facet normal 0 -1 0
    outer loop
      vertex 167.5 117.5 2.5
      vertex 85 117.5 180
      vertex 2.5 117.5 2.5
    endloop
  endfacet
  facet normal 0 -1 0
    outer loop
      vertex 85 117.5 180
      vertex 167.5 117.5 2.5
      vertex 97 117.5 180
    endloop
  endfacet
  facet normal 0 -1 0
    outer loop
      vertex 97 117.5 180
      vertex 167.5 117.5 2.5
      vertex 105 117.5 180
    endloop
  endfacet
  facet normal 0 -1 0
    outer loop
      vertex 105 117.5 180
      vertex 167.5 117.5 2.5
      vertex 117 117.5 180
    endloop
  endfacet
  facet normal 0 -1 0
    outer loop
      vertex 117 117.5 180
      vertex 167.5 117.5 2.5
      vertex 125 117.5 180
    endloop
  endfacet
  facet normal 0 -1 0
    outer loop
      vertex 2.5 117.5 2.5
      vertex 25 117.5 180
      vertex 2.5 117.5 197.5
    endloop
  endfacet
  facet normal 0 -1 0
    outer loop
      vertex 45 117.5 185
      vertex 2.5 117.5 197.5
      vertex 37 117.5 185
    endloop
  endfacet
  facet normal 0 -1 0
    outer loop
      vertex 57 117.5 185
      vertex 2.5 117.5 197.5
      vertex 45 117.5 185
    endloop
  endfacet
  facet normal 0 -1 0
    outer loop
      vertex 65 117.5 185
      vertex 2.5 117.5 197.5
      vertex 57 117.5 185
    endloop
  endfacet
  facet normal 0 -1 0
    outer loop
      vertex 77 117.5 185
      vertex 2.5 117.5 197.5
      vertex 65 117.5 185
    endloop
  endfacet
  facet normal 0 -1 0
    outer loop
      vertex 85 117.5 185
      vertex 2.5 117.5 197.5
      vertex 77 117.5 185
    endloop
  endfacet
  facet normal 0 -1 0
    outer loop
      vertex 2.5 117.5 197.5
      vertex 85 117.5 185
      vertex 167.5 117.5 197.5
    endloop
  endfacet
  facet normal 0 -1 0
    outer loop
      vertex 97 117.5 185
      vertex 167.5 117.5 197.5
      vertex 85 117.5 185
    endloop
  endfacet
  facet normal 0 -1 0
    outer loop
      vertex 105 117.5 185
      vertex 167.5 117.5 197.5
      vertex 97 117.5 185
    endloop
  endfacet
  facet normal 0 -1 0
    outer loop
      vertex 117 117.5 185
      vertex 167.5 117.5 197.5
      vertex 105 117.5 185
    endloop
  endfacet
  facet normal 0 -1 0
    outer loop
      vertex 125 117.5 185
      vertex 167.5 117.5 197.5
      vertex 117 117.5 185
    endloop
  endfacet
  facet normal 0 -1 0
    outer loop
      vertex 137 117.5 185
      vertex 167.5 117.5 197.5
      vertex 125 117.5 185
    endloop
  endfacet
  facet normal 0 -1 0
    outer loop
      vertex 137 117.5 180
      vertex 167.5 117.5 197.5
      vertex 137 117.5 185
    endloop
  endfacet
  facet normal 0 -1 0
    outer loop
      vertex 125 117.5 180
      vertex 167.5 117.5 2.5
      vertex 137 117.5 180
    endloop
  endfacet
  facet normal 0 -1 0
    outer loop
      vertex 137 117.5 180
      vertex 167.5 117.5 2.5
      vertex 167.5 117.5 197.5
    endloop
  endfacet
  facet normal 0 0 -1
    outer loop
      vertex 0 40 20
      vertex 2.5 52 20
      vertex 2.5 40 20
    endloop
  endfacet
  facet normal -0 0 -1
    outer loop
      vertex 2.5 52 20
      vertex 0 40 20
      vertex 0 52 20
    endloop
  endfacet
  facet normal -0 0 1
    outer loop
      vertex 0 52 12
      vertex 2.5 40 12
      vertex 2.5 52 12
    endloop
  endfacet
  facet normal 0 0 1
    outer loop
      vertex 2.5 40 12
      vertex 0 52 12
      vertex 0 40 12
    endloop
  endfacet
  facet normal 0 -1 0
    outer loop
      vertex 0 52 12
      vertex 2.5 52 20
      vertex 0 52 20
    endloop
  endfacet
  facet normal 0 -1 -0
    outer loop
      vertex 2.5 52 20
      vertex 0 52 12
      vertex 2.5 52 12
    endloop
  endfacet
  facet normal 0 1 -0
    outer loop
      vertex 2.5 40 12
      vertex 0 40 20
      vertex 2.5 40 20
    endloop
  endfacet
  facet normal 0 1 0
    outer loop
      vertex 0 40 20
      vertex 2.5 40 12
      vertex 0 40 12
    endloop
  endfacet
  facet normal 0 -0.707107 0.707107
    outer loop
      vertex 167.5 32.3511 96.7639
      vertex 170 33.2361 97.6489
      vertex 167.5 33.2361 97.6489
    endloop
  endfacet
  facet normal 0 -0.707107 0.707107
    outer loop
      vertex 170 33.2361 97.6489
      vertex 167.5 32.3511 96.7639
      vertex 170 32.3511 96.7639
    endloop
  endfacet
  facet normal 0 0.891013 0.453977
    outer loop
      vertex 170 26.7639 97.6489
      vertex 167.5 26.1958 98.7639
      vertex 170 26.1958 98.7639
    endloop
  endfacet
  facet normal 0 0.891013 0.453977
    outer loop
      vertex 167.5 26.1958 98.7639
      vertex 170 26.7639 97.6489
      vertex 167.5 26.7639 97.6489
    endloop
  endfacet
  facet normal 0 -0.891013 -0.453977
    outer loop
      vertex 167.5 33.8042 101.236
      vertex 170 33.2361 102.351
      vertex 167.5 33.2361 102.351
    endloop
  endfacet
  facet normal 0 -0.891013 -0.453977
    outer loop
      vertex 170 33.2361 102.351
      vertex 167.5 33.8042 101.236
      vertex 170 33.8042 101.236
    endloop
  endfacet
  facet normal 0 -0.156451 0.987686
    outer loop
      vertex 167.5 31.2361 96.1958
      vertex 170 30 96
      vertex 170 31.2361 96.1958
    endloop
  endfacet
  facet normal 0 -0.156451 0.987686
    outer loop
      vertex 170 30 96
      vertex 167.5 31.2361 96.1958
      vertex 167.5 30 96
    endloop
  endfacet
  facet normal -0 0.156451 0.987686
    outer loop
      vertex 167.5 30 96
      vertex 170 28.7639 96.1958
      vertex 170 30 96
    endloop
  endfacet
  facet normal 0 0.156451 0.987686
    outer loop
      vertex 170 28.7639 96.1958
      vertex 167.5 30 96
      vertex 167.5 28.7639 96.1958
    endloop
  endfacet
  facet normal 0 0.987684 -0.156463
    outer loop
      vertex 170 26 100
      vertex 167.5 26.1958 101.236
      vertex 170 26.1958 101.236
    endloop
  endfacet
  facet normal 0 0.987684 -0.156463
    outer loop
      vertex 167.5 26.1958 101.236
      vertex 170 26 100
      vertex 167.5 26 100
    endloop
  endfacet
  facet normal 0 0.891013 -0.453977
    outer loop
      vertex 170 26.1958 101.236
      vertex 167.5 26.7639 102.351
      vertex 170 26.7639 102.351
    endloop
  endfacet
  facet normal 0 0.891013 -0.453977
    outer loop
      vertex 167.5 26.7639 102.351
      vertex 170 26.1958 101.236
      vertex 167.5 26.1958 101.236
    endloop
  endfacet
  facet normal 0 -0.987684 -0.156463
    outer loop
      vertex 167.5 34 100
      vertex 170 33.8042 101.236
      vertex 167.5 33.8042 101.236
    endloop
  endfacet
  facet normal 0 -0.987684 -0.156463
    outer loop
      vertex 170 33.8042 101.236
      vertex 167.5 34 100
      vertex 170 34 100
    endloop
  endfacet
  facet normal 0 -0.156607 -0.987661
    outer loop
      vertex 167.5 30 104
      vertex 170 31.2361 103.804
      vertex 170 30 104
    endloop
  endfacet
  facet normal -0 -0.156607 -0.987661
    outer loop
      vertex 170 31.2361 103.804
      vertex 167.5 30 104
      vertex 167.5 31.2361 103.804
    endloop
  endfacet
  facet normal 0 -0.453977 0.891013
    outer loop
      vertex 167.5 32.3511 96.7639
      vertex 170 31.2361 96.1958
      vertex 170 32.3511 96.7639
    endloop
  endfacet
  facet normal 0 -0.453977 0.891013
    outer loop
      vertex 170 31.2361 96.1958
      vertex 167.5 32.3511 96.7639
      vertex 167.5 31.2361 96.1958
    endloop
  endfacet
  facet normal 0 -0.453914 -0.891046
    outer loop
      vertex 167.5 31.2361 103.804
      vertex 170 32.3511 103.236
      vertex 170 31.2361 103.804
    endloop
  endfacet
  facet normal -0 -0.453914 -0.891046
    outer loop
      vertex 170 32.3511 103.236
      vertex 167.5 31.2361 103.804
      vertex 167.5 32.3511 103.236
    endloop
  endfacet
  facet normal 0 0.707107 0.707107
    outer loop
      vertex 170 27.6489 96.7639
      vertex 167.5 26.7639 97.6489
      vertex 170 26.7639 97.6489
    endloop
  endfacet
  facet normal 0 0.707107 0.707107
    outer loop
      vertex 167.5 26.7639 97.6489
      vertex 170 27.6489 96.7639
      vertex 167.5 27.6489 96.7639
    endloop
  endfacet
  facet normal 0 -0.707107 -0.707107
    outer loop
      vertex 167.5 33.2361 102.351
      vertex 170 32.3511 103.236
      vertex 167.5 32.3511 103.236
    endloop
  endfacet
  facet normal 0 -0.707107 -0.707107
    outer loop
      vertex 170 32.3511 103.236
      vertex 167.5 33.2361 102.351
      vertex 170 33.2361 102.351
    endloop
  endfacet
  facet normal 0 -0.987686 0.156451
    outer loop
      vertex 167.5 33.8042 98.7639
      vertex 170 34 100
      vertex 167.5 34 100
    endloop
  endfacet
  facet normal 0 -0.987686 0.156451
    outer loop
      vertex 170 34 100
      vertex 167.5 33.8042 98.7639
      vertex 170 33.8042 98.7639
    endloop
  endfacet
  facet normal 0 -0.891013 0.453977
    outer loop
      vertex 167.5 33.2361 97.6489
      vertex 170 33.8042 98.7639
      vertex 167.5 33.8042 98.7639
    endloop
  endfacet
  facet normal 0 -0.891013 0.453977
    outer loop
      vertex 170 33.8042 98.7639
      vertex 167.5 33.2361 97.6489
      vertex 170 33.2361 97.6489
    endloop
  endfacet
  facet normal -0 0.453977 0.891013
    outer loop
      vertex 167.5 28.7639 96.1958
      vertex 170 27.6489 96.7639
      vertex 170 28.7639 96.1958
    endloop
  endfacet
  facet normal 0 0.453977 0.891013
    outer loop
      vertex 170 27.6489 96.7639
      vertex 167.5 28.7639 96.1958
      vertex 167.5 27.6489 96.7639
    endloop
  endfacet
  facet normal 0 0.987686 0.156451
    outer loop
      vertex 170 26.1958 98.7639
      vertex 167.5 26 100
      vertex 170 26 100
    endloop
  endfacet
  facet normal 0 0.987686 0.156451
    outer loop
      vertex 167.5 26 100
      vertex 170 26.1958 98.7639
      vertex 167.5 26.1958 98.7639
    endloop
  endfacet
  facet normal 0 0.156607 -0.987661
    outer loop
      vertex 167.5 28.7639 103.804
      vertex 170 30 104
      vertex 170 28.7639 103.804
    endloop
  endfacet
  facet normal 0 0.156607 -0.987661
    outer loop
      vertex 170 30 104
      vertex 167.5 28.7639 103.804
      vertex 167.5 30 104
    endloop
  endfacet
  facet normal 0 0.453914 -0.891046
    outer loop
      vertex 167.5 27.6489 103.236
      vertex 170 28.7639 103.804
      vertex 170 27.6489 103.236
    endloop
  endfacet
  facet normal 0 0.453914 -0.891046
    outer loop
      vertex 170 28.7639 103.804
      vertex 167.5 27.6489 103.236
      vertex 167.5 28.7639 103.804
    endloop
  endfacet
  facet normal 0 0.707107 -0.707107
    outer loop
      vertex 170 26.7639 102.351
      vertex 167.5 27.6489 103.236
      vertex 170 27.6489 103.236
    endloop
  endfacet
  facet normal 0 0.707107 -0.707107
    outer loop
      vertex 167.5 27.6489 103.236
      vertex 170 26.7639 102.351
      vertex 167.5 26.7639 102.351
    endloop
  endfacet
  facet normal 0 0.453892 -0.891057
    outer loop
      vertex 170 31.7634 119.573
      vertex 185.1 30.9271 119.147
      vertex 170 30.9271 119.147
    endloop
  endfacet
  facet normal 0.000143996 0.455955 -0.890003
    outer loop
      vertex 185.1 30.9271 119.147
      vertex 170 31.7634 119.573
      vertex 185.117 31.0325 119.201
    endloop
  endfacet
  facet normal 0 0.453591 -0.89121
    outer loop
      vertex 185.117 31.0325 119.201
      vertex 170 31.7634 119.573
      vertex 185.235 31.7634 119.573
    endloop
  endfacet
  facet normal 0 0.156603 -0.987662
    outer loop
      vertex 170 30.9271 119.147
      vertex 185.054 30 119
      vertex 170 30 119
    endloop
  endfacet
  facet normal 0 0.156603 -0.987662
    outer loop
      vertex 185.054 30 119
      vertex 170 30.9271 119.147
      vertex 185.1 30.9271 119.147
    endloop
  endfacet
  facet normal 0 0.710974 -0.703218
    outer loop
      vertex 185.427 32.3727 120.182
      vertex 170 32.4271 120.237
      vertex 185.444 32.4271 120.237
    endloop
  endfacet
  facet normal -2.87041e-05 0.706937 -0.707276
    outer loop
      vertex 185.235 31.7634 119.573
      vertex 170 32.4271 120.237
      vertex 185.427 32.3727 120.182
    endloop
  endfacet
  facet normal 0 0.707267 -0.706947
    outer loop
      vertex 170 32.4271 120.237
      vertex 185.235 31.7634 119.573
      vertex 170 31.7634 119.573
    endloop
  endfacet
  facet normal 0 -0.987699 -0.156367
    outer loop
      vertex 170 27 122
      vertex 185.719 27.1409 121.11
      vertex 186 27 122
    endloop
  endfacet
  facet normal -0 -0.987692 -0.156411
    outer loop
      vertex 185.708 27.1468 121.073
      vertex 170 27 122
      vertex 170 27.1468 121.073
    endloop
  endfacet
  facet normal -6.29526e-05 -0.987527 -0.157452
    outer loop
      vertex 170 27 122
      vertex 185.708 27.1468 121.073
      vertex 185.719 27.1409 121.11
    endloop
  endfacet
  facet normal 0 0.890948 0.454106
    outer loop
      vertex 186 32.8532 122.927
      vertex 170 32.4271 123.763
      vertex 186 32.4271 123.763
    endloop
  endfacet
  facet normal 0 0.890948 0.454106
    outer loop
      vertex 170 32.4271 123.763
      vertex 186 32.8532 122.927
      vertex 170 32.8532 122.927
    endloop
  endfacet
  facet normal -0 -0.890948 -0.454106
    outer loop
      vertex 185.444 27.5729 120.237
      vertex 170 27.1468 121.073
      vertex 170 27.5729 120.237
    endloop
  endfacet
  facet normal 0 -0.890948 -0.454106
    outer loop
      vertex 170 27.1468 121.073
      vertex 185.444 27.5729 120.237
      vertex 185.708 27.1468 121.073
    endloop
  endfacet
  facet normal 0 -0.710974 -0.703218
    outer loop
      vertex 170 27.5729 120.237
      vertex 185.427 27.6273 120.182
      vertex 185.444 27.5729 120.237
    endloop
  endfacet
  facet normal -0 -0.707267 -0.706947
    outer loop
      vertex 185.235 28.2366 119.573
      vertex 170 27.5729 120.237
      vertex 170 28.2366 119.573
    endloop
  endfacet
  facet normal -2.87041e-05 -0.706937 -0.707276
    outer loop
      vertex 170 27.5729 120.237
      vertex 185.235 28.2366 119.573
      vertex 185.427 27.6273 120.182
    endloop
  endfacet
  facet normal 0 -0.987692 0.156411
    outer loop
      vertex 170 27 122
      vertex 186 27.1468 122.927
      vertex 170 27.1468 122.927
    endloop
  endfacet
  facet normal 0 -0.987692 0.156411
    outer loop
      vertex 186 27.1468 122.927
      vertex 170 27 122
      vertex 186 27 122
    endloop
  endfacet
  facet normal -0 0.453892 0.891057
    outer loop
      vertex 170 31.7634 124.427
      vertex 186 30.9271 124.853
      vertex 186 31.7634 124.427
    endloop
  endfacet
  facet normal 0 0.453892 0.891057
    outer loop
      vertex 186 30.9271 124.853
      vertex 170 31.7634 124.427
      vertex 170 30.9271 124.853
    endloop
  endfacet
  facet normal 0 -0.156603 -0.987662
    outer loop
      vertex 170 29.0729 119.147
      vertex 185.054 30 119
      vertex 185.1 29.0729 119.147
    endloop
  endfacet
  facet normal -0 -0.156603 -0.987662
    outer loop
      vertex 185.054 30 119
      vertex 170 29.0729 119.147
      vertex 170 30 119
    endloop
  endfacet
  facet normal -0 0.156603 0.987662
    outer loop
      vertex 170 30.9271 124.853
      vertex 186 30 125
      vertex 186 30.9271 124.853
    endloop
  endfacet
  facet normal 0 0.156603 0.987662
    outer loop
      vertex 186 30 125
      vertex 170 30.9271 124.853
      vertex 170 30 125
    endloop
  endfacet
  facet normal 0 -0.453591 -0.89121
    outer loop
      vertex 170 28.2366 119.573
      vertex 185.117 28.9675 119.201
      vertex 185.235 28.2366 119.573
    endloop
  endfacet
  facet normal 0.000143996 -0.455955 -0.890003
    outer loop
      vertex 170 28.2366 119.573
      vertex 185.1 29.0729 119.147
      vertex 185.117 28.9675 119.201
    endloop
  endfacet
  facet normal -0 -0.453892 -0.891057
    outer loop
      vertex 185.1 29.0729 119.147
      vertex 170 28.2366 119.573
      vertex 170 29.0729 119.147
    endloop
  endfacet
  facet normal 0 0.987699 -0.156367
    outer loop
      vertex 185.719 32.8591 121.11
      vertex 170 33 122
      vertex 186 33 122
    endloop
  endfacet
  facet normal -6.29526e-05 0.987527 -0.157452
    outer loop
      vertex 185.708 32.8532 121.073
      vertex 170 33 122
      vertex 185.719 32.8591 121.11
    endloop
  endfacet
  facet normal 0 0.987692 -0.156411
    outer loop
      vertex 170 33 122
      vertex 185.708 32.8532 121.073
      vertex 170 32.8532 121.073
    endloop
  endfacet
  facet normal 0 0.890948 -0.454106
    outer loop
      vertex 185.444 32.4271 120.237
      vertex 170 32.8532 121.073
      vertex 185.708 32.8532 121.073
    endloop
  endfacet
  facet normal 0 0.890948 -0.454106
    outer loop
      vertex 170 32.8532 121.073
      vertex 185.444 32.4271 120.237
      vertex 170 32.4271 120.237
    endloop
  endfacet
  facet normal 0 -0.453892 0.891057
    outer loop
      vertex 170 29.0729 124.853
      vertex 186 28.2366 124.427
      vertex 186 29.0729 124.853
    endloop
  endfacet
  facet normal 0 -0.453892 0.891057
    outer loop
      vertex 186 28.2366 124.427
      vertex 170 29.0729 124.853
      vertex 170 28.2366 124.427
    endloop
  endfacet
  facet normal 0 0.987692 0.156411
    outer loop
      vertex 186 33 122
      vertex 170 32.8532 122.927
      vertex 186 32.8532 122.927
    endloop
  endfacet
  facet normal 0 0.987692 0.156411
    outer loop
      vertex 170 32.8532 122.927
      vertex 186 33 122
      vertex 170 33 122
    endloop
  endfacet
  facet normal 0 -0.707267 0.706947
    outer loop
      vertex 170 27.5729 123.763
      vertex 186 28.2366 124.427
      vertex 170 28.2366 124.427
    endloop
  endfacet
  facet normal 0 -0.707267 0.706947
    outer loop
      vertex 186 28.2366 124.427
      vertex 170 27.5729 123.763
      vertex 186 27.5729 123.763
    endloop
  endfacet
  facet normal 1 0 0
    outer loop
      vertex 186 32.8532 122.927
      vertex 186 32.8532 122
      vertex 186 33 122
    endloop
  endfacet
  facet normal 1 0 0
    outer loop
      vertex 186 32.8532 122.927
      vertex 186 32.552 122
      vertex 186 32.8532 122
    endloop
  endfacet
  facet normal 1 0 0
    outer loop
      vertex 186 31.8541 122
      vertex 186 32.8532 122.927
      vertex 186 32.4271 123.763
    endloop
  endfacet
  facet normal 1 0 0
    outer loop
      vertex 186 32.8532 122.927
      vertex 186 32.3808 122
      vertex 186 32.552 122
    endloop
  endfacet
  facet normal 1 0 0
    outer loop
      vertex 186 32.8532 122.927
      vertex 186 31.8541 122
      vertex 186 32.3808 122
    endloop
  endfacet
  facet normal 1 0 0
    outer loop
      vertex 186 31.7634 124.427
      vertex 186 31.8541 122
      vertex 186 32.4271 123.763
    endloop
  endfacet
  facet normal 1 0 0
    outer loop
      vertex 186 30.9271 124.853
      vertex 186 31.8541 122
      vertex 186 31.7634 124.427
    endloop
  endfacet
  facet normal 1 0 0
    outer loop
      vertex 186 30 125
      vertex 186 31.8541 122
      vertex 186 30.9271 124.853
    endloop
  endfacet
  facet normal 1 0 0
    outer loop
      vertex 186 28.1459 122
      vertex 186 30 125
      vertex 186 29.0729 124.853
    endloop
  endfacet
  facet normal 1 0 0
    outer loop
      vertex 186 28.1459 122
      vertex 186 29.0729 124.853
      vertex 186 28.2366 124.427
    endloop
  endfacet
  facet normal 1 0 0
    outer loop
      vertex 186 30 125
      vertex 186 28.1459 122
      vertex 186 31.8541 122
    endloop
  endfacet
  facet normal 1 -0 0
    outer loop
      vertex 186 27.5729 123.763
      vertex 186 28.1459 122
      vertex 186 28.2366 124.427
    endloop
  endfacet
  facet normal 1 -0 0
    outer loop
      vertex 186 27.1468 122.927
      vertex 186 28.1459 122
      vertex 186 27.5729 123.763
    endloop
  endfacet
  facet normal 1 0 0
    outer loop
      vertex 186 28.1459 122
      vertex 186 27.1468 122.927
      vertex 186 27.6192 122
    endloop
  endfacet
  facet normal 1 0 0
    outer loop
      vertex 186 27.6192 122
      vertex 186 27.1468 122.927
      vertex 186 27.448 122
    endloop
  endfacet
  facet normal 1 0 0
    outer loop
      vertex 186 27.1468 122.927
      vertex 186 27.1468 122
      vertex 186 27.448 122
    endloop
  endfacet
  facet normal 1 0 -0
    outer loop
      vertex 186 27.1468 122
      vertex 186 27.1468 122.927
      vertex 186 27 122
    endloop
  endfacet
  facet normal 0 -0.156603 0.987662
    outer loop
      vertex 170 30 125
      vertex 186 29.0729 124.853
      vertex 186 30 125
    endloop
  endfacet
  facet normal 0 -0.156603 0.987662
    outer loop
      vertex 186 29.0729 124.853
      vertex 170 30 125
      vertex 170 29.0729 124.853
    endloop
  endfacet
  facet normal 0 -0.890948 0.454106
    outer loop
      vertex 170 27.1468 122.927
      vertex 186 27.5729 123.763
      vertex 170 27.5729 123.763
    endloop
  endfacet
  facet normal 0 -0.890948 0.454106
    outer loop
      vertex 186 27.5729 123.763
      vertex 170 27.1468 122.927
      vertex 186 27.1468 122.927
    endloop
  endfacet
  facet normal 0 0.707267 0.706947
    outer loop
      vertex 186 32.4271 123.763
      vertex 170 31.7634 124.427
      vertex 186 31.7634 124.427
    endloop
  endfacet
  facet normal 0 0.707267 0.706947
    outer loop
      vertex 170 31.7634 124.427
      vertex 186 32.4271 123.763
      vertex 170 32.4271 123.763
    endloop
  endfacet
  facet normal -0.818877 0 0.573969
    outer loop
      vertex 186.532 27.1468 122.759
      vertex 186 27.448 122
      vertex 186 27.1468 122
    endloop
  endfacet
  facet normal -0.819016 -0.000744228 0.573771
    outer loop
      vertex 186 27.448 122
      vertex 186.532 27.1468 122.759
      vertex 187.392 28.2366 123.988
    endloop
  endfacet
  facet normal -0.566425 0.156657 -0.809087
    outer loop
      vertex 190.013 30 115.528
      vertex 185.1 30.9271 119.147
      vertex 190.098 30.9271 115.648
    endloop
  endfacet
  facet normal -0.566482 0.156397 -0.809097
    outer loop
      vertex 185.1 30.9271 119.147
      vertex 190.013 30 115.528
      vertex 185.054 30 119
    endloop
  endfacet
  facet normal 0.819563 0 -0.572989
    outer loop
      vertex 190.342 31.7634 115.997
      vertex 190.098 29.0729 115.648
      vertex 190.098 30.9271 115.648
    endloop
  endfacet
  facet normal 0.819563 0 -0.572989
    outer loop
      vertex 190.098 29.0729 115.648
      vertex 190.342 31.7634 115.997
      vertex 190.342 28.2366 115.997
    endloop
  endfacet
  facet normal 0.81912 -0.000494916 -0.573623
    outer loop
      vertex 191.202 27.1468 117.226
      vertex 190.342 28.2366 115.997
      vertex 192.745 27.5729 119.429
    endloop
  endfacet
  facet normal 0.405443 -0.707347 0.579031
    outer loop
      vertex 193.126 28.2366 119.973
      vertex 187.011 27.5729 123.444
      vertex 192.745 27.5729 119.429
    endloop
  endfacet
  facet normal 0.56655 -0.156061 0.809115
    outer loop
      vertex 187.721 30 124.457
      vertex 187.637 29.0729 124.337
      vertex 193.371 29.0729 120.322
    endloop
  endfacet
  facet normal -0.819154 0 0.573573
    outer loop
      vertex 186 32.3808 122
      vertex 187.392 31.7634 123.988
      vertex 186 32.552 122
    endloop
  endfacet
  facet normal -0.819258 -0.000708808 0.573425
    outer loop
      vertex 187.392 31.7634 123.988
      vertex 186 32.3808 122
      vertex 187.637 30.9271 124.337
    endloop
  endfacet
  facet normal 0.56655 0.156061 0.809115
    outer loop
      vertex 193.371 30.9271 120.322
      vertex 187.637 30.9271 124.337
      vertex 187.721 30 124.457
    endloop
  endfacet
  facet normal -0.511066 0.453985 -0.72987
    outer loop
      vertex 190.342 31.7634 115.997
      vertex 185.117 31.0325 119.201
      vertex 185.235 31.7634 119.573
    endloop
  endfacet
  facet normal -0.819051 0 0.573721
    outer loop
      vertex 186 32.3808 122
      vertex 186 31.8541 122
      vertex 187.637 30.9271 124.337
    endloop
  endfacet
  facet normal 0.819165 0 -0.573558
    outer loop
      vertex 192.745 32.4271 119.429
      vertex 190.342 28.2366 115.997
      vertex 190.342 31.7634 115.997
    endloop
  endfacet
  facet normal 0.819165 0 -0.573558
    outer loop
      vertex 190.342 28.2366 115.997
      vertex 192.745 32.4271 119.429
      vertex 192.745 27.5729 119.429
    endloop
  endfacet
  facet normal 0.0897254 0.987689 0.128141
    outer loop
      vertex 192.266 32.8532 118.744
      vertex 186 33 122
      vertex 186.532 32.8532 122.759
    endloop
  endfacet
  facet normal 0.0897254 0.987689 0.128141
    outer loop
      vertex 186 33 122
      vertex 192.266 32.8532 118.744
      vertex 191.734 33 117.985
    endloop
  endfacet
  facet normal -0.0908812 -0.987286 -0.130413
    outer loop
      vertex 185.708 27.1468 121.073
      vertex 191.734 27 117.985
      vertex 185.719 27.1409 121.11
    endloop
  endfacet
  facet normal -0.0897261 -0.987689 -0.12814
    outer loop
      vertex 191.734 27 117.985
      vertex 185.708 27.1468 121.073
      vertex 191.202 27.1468 117.226
    endloop
  endfacet
  facet normal -0.818877 0 0.573969
    outer loop
      vertex 186 32.552 122
      vertex 186.532 32.8532 122.759
      vertex 186 32.8532 122
    endloop
  endfacet
  facet normal -0.819016 0.000744228 0.573771
    outer loop
      vertex 186.532 32.8532 122.759
      vertex 186 32.552 122
      vertex 187.392 31.7634 123.988
    endloop
  endfacet
  facet normal -0.819051 0 0.573721
    outer loop
      vertex 186 31.8541 122
      vertex 187.637 29.0729 124.337
      vertex 187.637 30.9271 124.337
    endloop
  endfacet
  facet normal -0.819051 0 0.573721
    outer loop
      vertex 187.637 29.0729 124.337
      vertex 186 31.8541 122
      vertex 186 28.1459 122
    endloop
  endfacet
  facet normal -0.511066 -0.453985 -0.72987
    outer loop
      vertex 185.235 28.2366 119.573
      vertex 185.117 28.9675 119.201
      vertex 190.342 28.2366 115.997
    endloop
  endfacet
  facet normal -0.566425 -0.156657 -0.809087
    outer loop
      vertex 185.1 29.0729 119.147
      vertex 190.013 30 115.528
      vertex 190.098 29.0729 115.648
    endloop
  endfacet
  facet normal -0.566482 -0.156397 -0.809097
    outer loop
      vertex 190.013 30 115.528
      vertex 185.1 29.0729 119.147
      vertex 185.054 30 119
    endloop
  endfacet
  facet normal 0.81909 0 -0.573664
    outer loop
      vertex 193.126 28.2366 119.973
      vertex 192.745 32.4271 119.429
      vertex 193.126 31.7634 119.973
    endloop
  endfacet
  facet normal 0.81909 0 -0.573664
    outer loop
      vertex 192.745 32.4271 119.429
      vertex 193.126 28.2366 119.973
      vertex 192.745 27.5729 119.429
    endloop
  endfacet
  facet normal -0.818877 0 0.573969
    outer loop
      vertex 186 27.1468 122
      vertex 186 27 122
      vertex 186.532 27.1468 122.759
    endloop
  endfacet
  facet normal 0.260499 -0.890917 0.37203
    outer loop
      vertex 186.532 27.1468 122.759
      vertex 192.745 27.5729 119.429
      vertex 187.011 27.5729 123.444
    endloop
  endfacet
  facet normal 0.260499 -0.890917 0.37203
    outer loop
      vertex 192.745 27.5729 119.429
      vertex 186.532 27.1468 122.759
      vertex 192.266 27.1468 118.744
    endloop
  endfacet
  facet normal -0.0908812 0.987286 -0.130413
    outer loop
      vertex 191.734 33 117.985
      vertex 185.708 32.8532 121.073
      vertex 185.719 32.8591 121.11
    endloop
  endfacet
  facet normal -0.0897261 0.987689 -0.12814
    outer loop
      vertex 185.708 32.8532 121.073
      vertex 191.734 33 117.985
      vertex 191.202 32.8532 117.226
    endloop
  endfacet
  facet normal 0.818586 -0.0031553 -0.574375
    outer loop
      vertex 192.745 32.4271 119.429
      vertex 191.734 33 117.985
      vertex 192.266 32.8532 118.744
    endloop
  endfacet
  facet normal 0.405443 0.707347 0.579031
    outer loop
      vertex 192.745 32.4271 119.429
      vertex 187.011 32.4271 123.444
      vertex 193.126 31.7634 119.973
    endloop
  endfacet
  facet normal -0.819951 -0.00150496 0.572431
    outer loop
      vertex 187.011 32.4271 123.444
      vertex 186.532 32.8532 122.759
      vertex 187.392 31.7634 123.988
    endloop
  endfacet
  facet normal 0.405443 0.707347 0.579031
    outer loop
      vertex 193.126 31.7634 119.973
      vertex 187.011 32.4271 123.444
      vertex 187.392 31.7634 123.988
    endloop
  endfacet
  facet normal 0.510988 0.454239 0.729765
    outer loop
      vertex 193.126 31.7634 119.973
      vertex 187.637 30.9271 124.337
      vertex 193.371 30.9271 120.322
    endloop
  endfacet
  facet normal 0.510988 0.454239 0.729765
    outer loop
      vertex 187.637 30.9271 124.337
      vertex 193.126 31.7634 119.973
      vertex 187.392 31.7634 123.988
    endloop
  endfacet
  facet normal 0.819232 0 -0.573462
    outer loop
      vertex 193.455 30 120.442
      vertex 193.371 29.0729 120.322
      vertex 193.371 30.9271 120.322
    endloop
  endfacet
  facet normal -0.405686 0.706926 -0.579374
    outer loop
      vertex 190.342 31.7634 115.997
      vertex 185.235 31.7634 119.573
      vertex 185.427 32.3727 120.182
    endloop
  endfacet
  facet normal -0.405686 -0.706926 -0.579374
    outer loop
      vertex 185.427 27.6273 120.182
      vertex 185.235 28.2366 119.573
      vertex 190.342 28.2366 115.997
    endloop
  endfacet
  facet normal 0.819951 0.00150496 -0.572431
    outer loop
      vertex 190.723 27.5729 116.541
      vertex 190.342 28.2366 115.997
      vertex 191.202 27.1468 117.226
    endloop
  endfacet
  facet normal -0.511105 -0.453754 -0.729986
    outer loop
      vertex 185.117 28.9675 119.201
      vertex 190.098 29.0729 115.648
      vertex 190.342 28.2366 115.997
    endloop
  endfacet
  facet normal -0.510443 -0.455883 -0.729121
    outer loop
      vertex 190.098 29.0729 115.648
      vertex 185.117 28.9675 119.201
      vertex 185.1 29.0729 119.147
    endloop
  endfacet
  facet normal -0.819258 0.000708808 0.573425
    outer loop
      vertex 186 27.6192 122
      vertex 187.392 28.2366 123.988
      vertex 187.637 29.0729 124.337
    endloop
  endfacet
  facet normal -0.819154 0 0.573573
    outer loop
      vertex 187.392 28.2366 123.988
      vertex 186 27.6192 122
      vertex 186 27.448 122
    endloop
  endfacet
  facet normal 0.81846 0 -0.574564
    outer loop
      vertex 193.371 29.0729 120.322
      vertex 193.126 31.7634 119.973
      vertex 193.371 30.9271 120.322
    endloop
  endfacet
  facet normal 0.81846 0 -0.574564
    outer loop
      vertex 193.126 31.7634 119.973
      vertex 193.371 29.0729 120.322
      vertex 193.126 28.2366 119.973
    endloop
  endfacet
  facet normal -0.0896671 0.987705 -0.128058
    outer loop
      vertex 191.734 33 117.985
      vertex 185.719 32.8591 121.11
      vertex 186 33 122
    endloop
  endfacet
  facet normal -0.818877 0 0.573969
    outer loop
      vertex 186 33 122
      vertex 186 32.8532 122
      vertex 186.532 32.8532 122.759
    endloop
  endfacet
  facet normal 0.260499 0.890917 0.37203
    outer loop
      vertex 192.745 32.4271 119.429
      vertex 186.532 32.8532 122.759
      vertex 187.011 32.4271 123.444
    endloop
  endfacet
  facet normal 0.260499 0.890917 0.37203
    outer loop
      vertex 186.532 32.8532 122.759
      vertex 192.745 32.4271 119.429
      vertex 192.266 32.8532 118.744
    endloop
  endfacet
  facet normal 0.56655 0.156061 0.809115
    outer loop
      vertex 193.371 30.9271 120.322
      vertex 187.721 30 124.457
      vertex 193.455 30 120.442
    endloop
  endfacet
  facet normal 0.56655 -0.156061 0.809115
    outer loop
      vertex 193.455 30 120.442
      vertex 187.721 30 124.457
      vertex 193.371 29.0729 120.322
    endloop
  endfacet
  facet normal 0.81912 0.000494916 -0.573623
    outer loop
      vertex 192.745 32.4271 119.429
      vertex 190.342 31.7634 115.997
      vertex 191.202 32.8532 117.226
    endloop
  endfacet
  facet normal 0.818975 -0.00108764 -0.573828
    outer loop
      vertex 192.745 32.4271 119.429
      vertex 191.202 32.8532 117.226
      vertex 191.734 33 117.985
    endloop
  endfacet
  facet normal 0.819951 -0.00150496 -0.572431
    outer loop
      vertex 191.202 32.8532 117.226
      vertex 190.342 31.7634 115.997
      vertex 190.723 32.4271 116.541
    endloop
  endfacet
  facet normal -0.404044 0.709725 -0.577096
    outer loop
      vertex 190.723 32.4271 116.541
      vertex 185.427 32.3727 120.182
      vertex 185.444 32.4271 120.237
    endloop
  endfacet
  facet normal -0.40538 0.707347 -0.579075
    outer loop
      vertex 185.427 32.3727 120.182
      vertex 190.723 32.4271 116.541
      vertex 190.342 31.7634 115.997
    endloop
  endfacet
  facet normal 0.816024 0 -0.578017
    outer loop
      vertex 190.098 29.0729 115.648
      vertex 190.013 30 115.528
      vertex 190.098 30.9271 115.648
    endloop
  endfacet
  facet normal -0.819051 0 0.573721
    outer loop
      vertex 186 28.1459 122
      vertex 186 27.6192 122
      vertex 187.637 29.0729 124.337
    endloop
  endfacet
  facet normal -0.819232 0 0.573462
    outer loop
      vertex 187.637 30.9271 124.337
      vertex 187.637 29.0729 124.337
      vertex 187.721 30 124.457
    endloop
  endfacet
  facet normal -0.404044 -0.709725 -0.577096
    outer loop
      vertex 185.427 27.6273 120.182
      vertex 190.723 27.5729 116.541
      vertex 185.444 27.5729 120.237
    endloop
  endfacet
  facet normal -0.40538 -0.707347 -0.579075
    outer loop
      vertex 190.723 27.5729 116.541
      vertex 185.427 27.6273 120.182
      vertex 190.342 28.2366 115.997
    endloop
  endfacet
  facet normal 0.510988 -0.454239 0.729765
    outer loop
      vertex 187.637 29.0729 124.337
      vertex 193.126 28.2366 119.973
      vertex 193.371 29.0729 120.322
    endloop
  endfacet
  facet normal 0.510988 -0.454239 0.729765
    outer loop
      vertex 193.126 28.2366 119.973
      vertex 187.637 29.0729 124.337
      vertex 187.392 28.2366 123.988
    endloop
  endfacet
  facet normal 0.818586 0.0031553 -0.574375
    outer loop
      vertex 192.266 27.1468 118.744
      vertex 191.734 27 117.985
      vertex 192.745 27.5729 119.429
    endloop
  endfacet
  facet normal 0.818975 0.00108764 -0.573828
    outer loop
      vertex 191.734 27 117.985
      vertex 191.202 27.1468 117.226
      vertex 192.745 27.5729 119.429
    endloop
  endfacet
  facet normal -0.511105 0.453754 -0.729986
    outer loop
      vertex 190.098 30.9271 115.648
      vertex 185.117 31.0325 119.201
      vertex 190.342 31.7634 115.997
    endloop
  endfacet
  facet normal -0.510443 0.455883 -0.729121
    outer loop
      vertex 185.117 31.0325 119.201
      vertex 190.098 30.9271 115.648
      vertex 185.1 30.9271 119.147
    endloop
  endfacet
  facet normal -0.26041 0.890999 -0.371898
    outer loop
      vertex 191.202 32.8532 117.226
      vertex 185.444 32.4271 120.237
      vertex 185.708 32.8532 121.073
    endloop
  endfacet
  facet normal -0.26048 0.890917 -0.372044
    outer loop
      vertex 185.444 32.4271 120.237
      vertex 191.202 32.8532 117.226
      vertex 190.723 32.4271 116.541
    endloop
  endfacet
  facet normal -0.26041 -0.890999 -0.371898
    outer loop
      vertex 185.444 27.5729 120.237
      vertex 191.202 27.1468 117.226
      vertex 185.708 27.1468 121.073
    endloop
  endfacet
  facet normal -0.26048 -0.890917 -0.372044
    outer loop
      vertex 191.202 27.1468 117.226
      vertex 185.444 27.5729 120.237
      vertex 190.723 27.5729 116.541
    endloop
  endfacet
  facet normal -0.0896671 -0.987705 -0.128058
    outer loop
      vertex 186 27 122
      vertex 185.719 27.1409 121.11
      vertex 191.734 27 117.985
    endloop
  endfacet
  facet normal -0.819951 0.00150496 0.572431
    outer loop
      vertex 187.392 28.2366 123.988
      vertex 186.532 27.1468 122.759
      vertex 187.011 27.5729 123.444
    endloop
  endfacet
  facet normal 0.405443 -0.707347 0.579031
    outer loop
      vertex 187.392 28.2366 123.988
      vertex 187.011 27.5729 123.444
      vertex 193.126 28.2366 119.973
    endloop
  endfacet
  facet normal 0.0897254 -0.987689 0.128141
    outer loop
      vertex 186 27 122
      vertex 192.266 27.1468 118.744
      vertex 186.532 27.1468 122.759
    endloop
  endfacet
  facet normal 0.0897254 -0.987689 0.128141
    outer loop
      vertex 192.266 27.1468 118.744
      vertex 186 27 122
      vertex 191.734 27 117.985
    endloop
  endfacet
  facet normal 0.923872 0.382701 0
    outer loop
      vertex 22.8978 40.7765 8.5
      vertex 22.5981 41.5 2.5
      vertex 22.5981 41.5 8.5
    endloop
  endfacet
  facet normal 0.923872 0.382701 0
    outer loop
      vertex 22.5981 41.5 2.5
      vertex 22.8978 40.7765 8.5
      vertex 22.8978 40.7765 2.5
    endloop
  endfacet
  facet normal 0.99145 0.130491 0
    outer loop
      vertex 23 40 8.5
      vertex 22.8978 40.7765 2.5
      vertex 22.8978 40.7765 8.5
    endloop
  endfacet
  facet normal 0.99145 0.130491 0
    outer loop
      vertex 22.8978 40.7765 2.5
      vertex 23 40 8.5
      vertex 23 40 2.5
    endloop
  endfacet
  facet normal -0.608809 0.793316 0
    outer loop
      vertex 18.5 42.5981 2.5
      vertex 17.8787 42.1213 8.5
      vertex 18.5 42.5981 8.5
    endloop
  endfacet
  facet normal -0.608809 0.793316 0
    outer loop
      vertex 17.8787 42.1213 8.5
      vertex 18.5 42.5981 2.5
      vertex 17.8787 42.1213 2.5
    endloop
  endfacet
  facet normal -0.382701 0.923872 0
    outer loop
      vertex 19.2235 42.8978 2.5
      vertex 18.5 42.5981 8.5
      vertex 19.2235 42.8978 8.5
    endloop
  endfacet
  facet normal -0.382701 0.923872 0
    outer loop
      vertex 18.5 42.5981 8.5
      vertex 19.2235 42.8978 2.5
      vertex 18.5 42.5981 2.5
    endloop
  endfacet
  facet normal 0.608809 -0.793316 0
    outer loop
      vertex 21.5 37.4019 2.5
      vertex 22.1213 37.8787 8.5
      vertex 21.5 37.4019 8.5
    endloop
  endfacet
  facet normal 0.608809 -0.793316 0
    outer loop
      vertex 22.1213 37.8787 8.5
      vertex 21.5 37.4019 2.5
      vertex 22.1213 37.8787 2.5
    endloop
  endfacet
  facet normal 0.608809 0.793316 -0
    outer loop
      vertex 22.1213 42.1213 2.5
      vertex 21.5 42.5981 8.5
      vertex 22.1213 42.1213 8.5
    endloop
  endfacet
  facet normal 0.608809 0.793316 0
    outer loop
      vertex 21.5 42.5981 8.5
      vertex 22.1213 42.1213 2.5
      vertex 21.5 42.5981 2.5
    endloop
  endfacet
  facet normal -0.130491 -0.99145 0
    outer loop
      vertex 19.2235 37.1022 2.5
      vertex 20 37 8.5
      vertex 19.2235 37.1022 8.5
    endloop
  endfacet
  facet normal -0.130491 -0.99145 -0
    outer loop
      vertex 20 37 8.5
      vertex 19.2235 37.1022 2.5
      vertex 20 37 2.5
    endloop
  endfacet
  facet normal 0.130491 0.99145 -0
    outer loop
      vertex 20.7765 42.8978 2.5
      vertex 20 43 8.5
      vertex 20.7765 42.8978 8.5
    endloop
  endfacet
  facet normal 0.130491 0.99145 0
    outer loop
      vertex 20 43 8.5
      vertex 20.7765 42.8978 2.5
      vertex 20 43 2.5
    endloop
  endfacet
  facet normal 0.382701 0.923872 -0
    outer loop
      vertex 21.5 42.5981 2.5
      vertex 20.7765 42.8978 8.5
      vertex 21.5 42.5981 8.5
    endloop
  endfacet
  facet normal 0.382701 0.923872 0
    outer loop
      vertex 20.7765 42.8978 8.5
      vertex 21.5 42.5981 2.5
      vertex 20.7765 42.8978 2.5
    endloop
  endfacet
  facet normal -0.608809 -0.793316 0
    outer loop
      vertex 17.8787 37.8787 2.5
      vertex 18.5 37.4019 8.5
      vertex 17.8787 37.8787 8.5
    endloop
  endfacet
  facet normal -0.608809 -0.793316 -0
    outer loop
      vertex 18.5 37.4019 8.5
      vertex 17.8787 37.8787 2.5
      vertex 18.5 37.4019 2.5
    endloop
  endfacet
  facet normal 0.793316 0.608809 0
    outer loop
      vertex 22.5981 41.5 8.5
      vertex 22.1213 42.1213 2.5
      vertex 22.1213 42.1213 8.5
    endloop
  endfacet
  facet normal 0.793316 0.608809 0
    outer loop
      vertex 22.1213 42.1213 2.5
      vertex 22.5981 41.5 8.5
      vertex 22.5981 41.5 2.5
    endloop
  endfacet
  facet normal 0.793316 -0.608809 0
    outer loop
      vertex 22.1213 37.8787 8.5
      vertex 22.5981 38.5 2.5
      vertex 22.5981 38.5 8.5
    endloop
  endfacet
  facet normal 0.793316 -0.608809 0
    outer loop
      vertex 22.5981 38.5 2.5
      vertex 22.1213 37.8787 8.5
      vertex 22.1213 37.8787 2.5
    endloop
  endfacet
  facet normal 0.382701 -0.923872 0
    outer loop
      vertex 20.7765 37.1022 2.5
      vertex 21.5 37.4019 8.5
      vertex 20.7765 37.1022 8.5
    endloop
  endfacet
  facet normal 0.382701 -0.923872 0
    outer loop
      vertex 21.5 37.4019 8.5
      vertex 20.7765 37.1022 2.5
      vertex 21.5 37.4019 2.5
    endloop
  endfacet
  facet normal -0.793316 0.608809 0
    outer loop
      vertex 17.4019 41.5 2.5
      vertex 17.8787 42.1213 8.5
      vertex 17.8787 42.1213 2.5
    endloop
  endfacet
  facet normal -0.793316 0.608809 0
    outer loop
      vertex 17.8787 42.1213 8.5
      vertex 17.4019 41.5 2.5
      vertex 17.4019 41.5 8.5
    endloop
  endfacet
  facet normal -0.793316 -0.608809 0
    outer loop
      vertex 17.8787 37.8787 2.5
      vertex 17.4019 38.5 8.5
      vertex 17.4019 38.5 2.5
    endloop
  endfacet
  facet normal -0.793316 -0.608809 0
    outer loop
      vertex 17.4019 38.5 8.5
      vertex 17.8787 37.8787 2.5
      vertex 17.8787 37.8787 8.5
    endloop
  endfacet
  facet normal 0.99145 -0.130491 0
    outer loop
      vertex 22.8978 39.2235 8.5
      vertex 23 40 2.5
      vertex 23 40 8.5
    endloop
  endfacet
  facet normal 0.99145 -0.130491 0
    outer loop
      vertex 23 40 2.5
      vertex 22.8978 39.2235 8.5
      vertex 22.8978 39.2235 2.5
    endloop
  endfacet
  facet normal -0.130491 0.99145 0
    outer loop
      vertex 20 43 2.5
      vertex 19.2235 42.8978 8.5
      vertex 20 43 8.5
    endloop
  endfacet
  facet normal -0.130491 0.99145 0
    outer loop
      vertex 19.2235 42.8978 8.5
      vertex 20 43 2.5
      vertex 19.2235 42.8978 2.5
    endloop
  endfacet
  facet normal -0.923872 -0.382701 0
    outer loop
      vertex 17.4019 38.5 2.5
      vertex 17.1022 39.2235 8.5
      vertex 17.1022 39.2235 2.5
    endloop
  endfacet
  facet normal -0.923872 -0.382701 0
    outer loop
      vertex 17.1022 39.2235 8.5
      vertex 17.4019 38.5 2.5
      vertex 17.4019 38.5 8.5
    endloop
  endfacet
  facet normal -0.99145 -0.130491 0
    outer loop
      vertex 17.1022 39.2235 2.5
      vertex 17 40 8.5
      vertex 17 40 2.5
    endloop
  endfacet
  facet normal -0.99145 -0.130491 0
    outer loop
      vertex 17 40 8.5
      vertex 17.1022 39.2235 2.5
      vertex 17.1022 39.2235 8.5
    endloop
  endfacet
  facet normal 0.923872 -0.382701 0
    outer loop
      vertex 22.5981 38.5 8.5
      vertex 22.8978 39.2235 2.5
      vertex 22.8978 39.2235 8.5
    endloop
  endfacet
  facet normal 0.923872 -0.382701 0
    outer loop
      vertex 22.8978 39.2235 2.5
      vertex 22.5981 38.5 8.5
      vertex 22.5981 38.5 2.5
    endloop
  endfacet
  facet normal -0.382701 -0.923872 0
    outer loop
      vertex 18.5 37.4019 2.5
      vertex 19.2235 37.1022 8.5
      vertex 18.5 37.4019 8.5
    endloop
  endfacet
  facet normal -0.382701 -0.923872 -0
    outer loop
      vertex 19.2235 37.1022 8.5
      vertex 18.5 37.4019 2.5
      vertex 19.2235 37.1022 2.5
    endloop
  endfacet
  facet normal 0 0 1
    outer loop
      vertex 21.3 40 8.5
      vertex 23 40 8.5
      vertex 22.8978 40.7765 8.5
    endloop
  endfacet
  facet normal 0 0 1
    outer loop
      vertex 21.201 40.4975 8.5
      vertex 22.8978 40.7765 8.5
      vertex 22.5981 41.5 8.5
    endloop
  endfacet
  facet normal 0 0 1
    outer loop
      vertex 23 40 8.5
      vertex 21.3 40 8.5
      vertex 22.8978 39.2235 8.5
    endloop
  endfacet
  facet normal 0 0 1
    outer loop
      vertex 20.9192 40.9192 8.5
      vertex 22.5981 41.5 8.5
      vertex 22.1213 42.1213 8.5
    endloop
  endfacet
  facet normal -0 0 1
    outer loop
      vertex 21.201 39.5025 8.5
      vertex 22.8978 39.2235 8.5
      vertex 21.3 40 8.5
    endloop
  endfacet
  facet normal 0 0 1
    outer loop
      vertex 20.9192 40.9192 8.5
      vertex 22.1213 42.1213 8.5
      vertex 21.5 42.5981 8.5
    endloop
  endfacet
  facet normal 0 0 1
    outer loop
      vertex 22.8978 39.2235 8.5
      vertex 21.201 39.5025 8.5
      vertex 22.5981 38.5 8.5
    endloop
  endfacet
  facet normal -0 0 1
    outer loop
      vertex 20.9192 39.0808 8.5
      vertex 22.5981 38.5 8.5
      vertex 21.201 39.5025 8.5
    endloop
  endfacet
  facet normal 0 0 1
    outer loop
      vertex 22.8978 40.7765 8.5
      vertex 21.201 40.4975 8.5
      vertex 21.3 40 8.5
    endloop
  endfacet
  facet normal 0 0 1
    outer loop
      vertex 22.5981 41.5 8.5
      vertex 20.9192 40.9192 8.5
      vertex 21.201 40.4975 8.5
    endloop
  endfacet
  facet normal 0 0 1
    outer loop
      vertex 20.4975 41.201 8.5
      vertex 21.5 42.5981 8.5
      vertex 20.7765 42.8978 8.5
    endloop
  endfacet
  facet normal 0 0 1
    outer loop
      vertex 21.5 42.5981 8.5
      vertex 20.4975 41.201 8.5
      vertex 20.9192 40.9192 8.5
    endloop
  endfacet
  facet normal 0 0 1
    outer loop
      vertex 20 41.3 8.5
      vertex 20.7765 42.8978 8.5
      vertex 20 43 8.5
    endloop
  endfacet
  facet normal 0 0 1
    outer loop
      vertex 20.7765 42.8978 8.5
      vertex 20 41.3 8.5
      vertex 20.4975 41.201 8.5
    endloop
  endfacet
  facet normal -0 0 1
    outer loop
      vertex 19.2235 42.8978 8.5
      vertex 20 41.3 8.5
      vertex 20 43 8.5
    endloop
  endfacet
  facet normal 0 0 1
    outer loop
      vertex 20 41.3 8.5
      vertex 19.2235 42.8978 8.5
      vertex 19.5025 41.201 8.5
    endloop
  endfacet
  facet normal -0 0 1
    outer loop
      vertex 18.5 42.5981 8.5
      vertex 19.5025 41.201 8.5
      vertex 19.2235 42.8978 8.5
    endloop
  endfacet
  facet normal 0 0 1
    outer loop
      vertex 19.5025 41.201 8.5
      vertex 18.5 42.5981 8.5
      vertex 19.0808 40.9192 8.5
    endloop
  endfacet
  facet normal -0 0 1
    outer loop
      vertex 17.8787 42.1213 8.5
      vertex 19.0808 40.9192 8.5
      vertex 18.5 42.5981 8.5
    endloop
  endfacet
  facet normal -0 0 1
    outer loop
      vertex 17.4019 41.5 8.5
      vertex 19.0808 40.9192 8.5
      vertex 17.8787 42.1213 8.5
    endloop
  endfacet
  facet normal 0 0 1
    outer loop
      vertex 22.5981 38.5 8.5
      vertex 20.9192 39.0808 8.5
      vertex 22.1213 37.8787 8.5
    endloop
  endfacet
  facet normal 0 0 1
    outer loop
      vertex 22.1213 37.8787 8.5
      vertex 20.9192 39.0808 8.5
      vertex 21.5 37.4019 8.5
    endloop
  endfacet
  facet normal -0 0 1
    outer loop
      vertex 20.4975 38.799 8.5
      vertex 21.5 37.4019 8.5
      vertex 20.9192 39.0808 8.5
    endloop
  endfacet
  facet normal 0 0 1
    outer loop
      vertex 21.5 37.4019 8.5
      vertex 20.4975 38.799 8.5
      vertex 20.7765 37.1022 8.5
    endloop
  endfacet
  facet normal -0 0 1
    outer loop
      vertex 20 38.7 8.5
      vertex 20.7765 37.1022 8.5
      vertex 20.4975 38.799 8.5
    endloop
  endfacet
  facet normal 0 0 1
    outer loop
      vertex 20 38.7 8.5
      vertex 20 37 8.5
      vertex 20.7765 37.1022 8.5
    endloop
  endfacet
  facet normal 0 0 1
    outer loop
      vertex 19.2235 37.1022 8.5
      vertex 20 38.7 8.5
      vertex 19.5025 38.799 8.5
    endloop
  endfacet
  facet normal 0 0 1
    outer loop
      vertex 20 38.7 8.5
      vertex 19.2235 37.1022 8.5
      vertex 20 37 8.5
    endloop
  endfacet
  facet normal 0 0 1
    outer loop
      vertex 18.5 37.4019 8.5
      vertex 19.5025 38.799 8.5
      vertex 19.0808 39.0808 8.5
    endloop
  endfacet
  facet normal 0 0 1
    outer loop
      vertex 17.4019 38.5 8.5
      vertex 19.0808 39.0808 8.5
      vertex 18.799 39.5025 8.5
    endloop
  endfacet
  facet normal 0 0 1
    outer loop
      vertex 17.1022 39.2235 8.5
      vertex 18.799 39.5025 8.5
      vertex 18.7 40 8.5
    endloop
  endfacet
  facet normal 0 0 1
    outer loop
      vertex 19.5025 38.799 8.5
      vertex 18.5 37.4019 8.5
      vertex 19.2235 37.1022 8.5
    endloop
  endfacet
  facet normal 0 0 1
    outer loop
      vertex 19.0808 40.9192 8.5
      vertex 17.4019 41.5 8.5
      vertex 18.799 40.4975 8.5
    endloop
  endfacet
  facet normal -0 0 1
    outer loop
      vertex 17.1022 40.7765 8.5
      vertex 18.799 40.4975 8.5
      vertex 17.4019 41.5 8.5
    endloop
  endfacet
  facet normal 0 0 1
    outer loop
      vertex 19.0808 39.0808 8.5
      vertex 17.8787 37.8787 8.5
      vertex 18.5 37.4019 8.5
    endloop
  endfacet
  facet normal 0 0 1
    outer loop
      vertex 18.799 40.4975 8.5
      vertex 17.1022 40.7765 8.5
      vertex 18.7 40 8.5
    endloop
  endfacet
  facet normal 0 0 1
    outer loop
      vertex 19.0808 39.0808 8.5
      vertex 17.4019 38.5 8.5
      vertex 17.8787 37.8787 8.5
    endloop
  endfacet
  facet normal 0 0 1
    outer loop
      vertex 17 40 8.5
      vertex 18.7 40 8.5
      vertex 17.1022 40.7765 8.5
    endloop
  endfacet
  facet normal 0 0 1
    outer loop
      vertex 18.799 39.5025 8.5
      vertex 17.1022 39.2235 8.5
      vertex 17.4019 38.5 8.5
    endloop
  endfacet
  facet normal 0 0 1
    outer loop
      vertex 18.7 40 8.5
      vertex 17 40 8.5
      vertex 17.1022 39.2235 8.5
    endloop
  endfacet
  facet normal 0.130491 -0.99145 0
    outer loop
      vertex 20 37 2.5
      vertex 20.7765 37.1022 8.5
      vertex 20 37 8.5
    endloop
  endfacet
  facet normal 0.130491 -0.99145 0
    outer loop
      vertex 20.7765 37.1022 8.5
      vertex 20 37 2.5
      vertex 20.7765 37.1022 2.5
    endloop
  endfacet
  facet normal -0.923872 0.382701 0
    outer loop
      vertex 17.1022 40.7765 2.5
      vertex 17.4019 41.5 8.5
      vertex 17.4019 41.5 2.5
    endloop
  endfacet
  facet normal -0.923872 0.382701 0
    outer loop
      vertex 17.4019 41.5 8.5
      vertex 17.1022 40.7765 2.5
      vertex 17.1022 40.7765 8.5
    endloop
  endfacet
  facet normal -0.99145 0.130491 0
    outer loop
      vertex 17 40 2.5
      vertex 17.1022 40.7765 8.5
      vertex 17.1022 40.7765 2.5
    endloop
  endfacet
  facet normal -0.99145 0.130491 0
    outer loop
      vertex 17.1022 40.7765 8.5
      vertex 17 40 2.5
      vertex 17 40 8.5
    endloop
  endfacet
  facet normal 0.195168 0.98077 -0
    outer loop
      vertex 20 38.7 2.5
      vertex 19.5025 38.799 8.5
      vertex 20 38.7 8.5
    endloop
  endfacet
  facet normal 0.195168 0.98077 0
    outer loop
      vertex 19.5025 38.799 8.5
      vertex 20 38.7 2.5
      vertex 19.5025 38.799 2.5
    endloop
  endfacet
  facet normal -0.831443 -0.55561 0
    outer loop
      vertex 21.201 40.4975 2.5
      vertex 20.9192 40.9192 8.5
      vertex 20.9192 40.9192 2.5
    endloop
  endfacet
  facet normal -0.831443 -0.55561 0
    outer loop
      vertex 20.9192 40.9192 8.5
      vertex 21.201 40.4975 2.5
      vertex 21.201 40.4975 8.5
    endloop
  endfacet
  facet normal -0.98077 -0.195168 0
    outer loop
      vertex 21.3 40 2.5
      vertex 21.201 40.4975 8.5
      vertex 21.201 40.4975 2.5
    endloop
  endfacet
  facet normal -0.98077 -0.195168 0
    outer loop
      vertex 21.201 40.4975 8.5
      vertex 21.3 40 2.5
      vertex 21.3 40 8.5
    endloop
  endfacet
  facet normal -0.55561 -0.831443 0
    outer loop
      vertex 20.4975 41.201 2.5
      vertex 20.9192 40.9192 8.5
      vertex 20.4975 41.201 8.5
    endloop
  endfacet
  facet normal -0.55561 -0.831443 -0
    outer loop
      vertex 20.9192 40.9192 8.5
      vertex 20.4975 41.201 2.5
      vertex 20.9192 40.9192 2.5
    endloop
  endfacet
  facet normal -0.831443 0.55561 0
    outer loop
      vertex 20.9192 39.0808 2.5
      vertex 21.201 39.5025 8.5
      vertex 21.201 39.5025 2.5
    endloop
  endfacet
  facet normal -0.831443 0.55561 0
    outer loop
      vertex 21.201 39.5025 8.5
      vertex 20.9192 39.0808 2.5
      vertex 20.9192 39.0808 8.5
    endloop
  endfacet
  facet normal -0.55561 0.831443 0
    outer loop
      vertex 20.9192 39.0808 2.5
      vertex 20.4975 38.799 8.5
      vertex 20.9192 39.0808 8.5
    endloop
  endfacet
  facet normal -0.55561 0.831443 0
    outer loop
      vertex 20.4975 38.799 8.5
      vertex 20.9192 39.0808 2.5
      vertex 20.4975 38.799 2.5
    endloop
  endfacet
  facet normal 0.98077 -0.195168 0
    outer loop
      vertex 18.7 40 8.5
      vertex 18.799 40.4975 2.5
      vertex 18.799 40.4975 8.5
    endloop
  endfacet
  facet normal 0.98077 -0.195168 0
    outer loop
      vertex 18.799 40.4975 2.5
      vertex 18.7 40 8.5
      vertex 18.7 40 2.5
    endloop
  endfacet
  facet normal -0.195168 0.98077 0
    outer loop
      vertex 20.4975 38.799 2.5
      vertex 20 38.7 8.5
      vertex 20.4975 38.799 8.5
    endloop
  endfacet
  facet normal -0.195168 0.98077 0
    outer loop
      vertex 20 38.7 8.5
      vertex 20.4975 38.799 2.5
      vertex 20 38.7 2.5
    endloop
  endfacet
  facet normal 0.55561 -0.831443 0
    outer loop
      vertex 19.0808 40.9192 2.5
      vertex 19.5025 41.201 8.5
      vertex 19.0808 40.9192 8.5
    endloop
  endfacet
  facet normal 0.55561 -0.831443 0
    outer loop
      vertex 19.5025 41.201 8.5
      vertex 19.0808 40.9192 2.5
      vertex 19.5025 41.201 2.5
    endloop
  endfacet
  facet normal -0.98077 0.195168 0
    outer loop
      vertex 21.201 39.5025 2.5
      vertex 21.3 40 8.5
      vertex 21.3 40 2.5
    endloop
  endfacet
  facet normal -0.98077 0.195168 0
    outer loop
      vertex 21.3 40 8.5
      vertex 21.201 39.5025 2.5
      vertex 21.201 39.5025 8.5
    endloop
  endfacet
  facet normal 0.98077 0.195168 0
    outer loop
      vertex 18.799 39.5025 8.5
      vertex 18.7 40 2.5
      vertex 18.7 40 8.5
    endloop
  endfacet
  facet normal 0.98077 0.195168 0
    outer loop
      vertex 18.7 40 2.5
      vertex 18.799 39.5025 8.5
      vertex 18.799 39.5025 2.5
    endloop
  endfacet
  facet normal 0.195168 -0.98077 0
    outer loop
      vertex 19.5025 41.201 2.5
      vertex 20 41.3 8.5
      vertex 19.5025 41.201 8.5
    endloop
  endfacet
  facet normal 0.195168 -0.98077 0
    outer loop
      vertex 20 41.3 8.5
      vertex 19.5025 41.201 2.5
      vertex 20 41.3 2.5
    endloop
  endfacet
  facet normal 0.831443 0.55561 0
    outer loop
      vertex 19.0808 39.0808 8.5
      vertex 18.799 39.5025 2.5
      vertex 18.799 39.5025 8.5
    endloop
  endfacet
  facet normal 0.831443 0.55561 0
    outer loop
      vertex 18.799 39.5025 2.5
      vertex 19.0808 39.0808 8.5
      vertex 19.0808 39.0808 2.5
    endloop
  endfacet
  facet normal 0.831443 -0.55561 0
    outer loop
      vertex 18.799 40.4975 8.5
      vertex 19.0808 40.9192 2.5
      vertex 19.0808 40.9192 8.5
    endloop
  endfacet
  facet normal 0.831443 -0.55561 0
    outer loop
      vertex 19.0808 40.9192 2.5
      vertex 18.799 40.4975 8.5
      vertex 18.799 40.4975 2.5
    endloop
  endfacet
  facet normal -0.195168 -0.98077 0
    outer loop
      vertex 20 41.3 2.5
      vertex 20.4975 41.201 8.5
      vertex 20 41.3 8.5
    endloop
  endfacet
  facet normal -0.195168 -0.98077 -0
    outer loop
      vertex 20.4975 41.201 8.5
      vertex 20 41.3 2.5
      vertex 20.4975 41.201 2.5
    endloop
  endfacet
  facet normal 0.55561 0.831443 -0
    outer loop
      vertex 19.5025 38.799 2.5
      vertex 19.0808 39.0808 8.5
      vertex 19.5025 38.799 8.5
    endloop
  endfacet
  facet normal 0.55561 0.831443 0
    outer loop
      vertex 19.0808 39.0808 8.5
      vertex 19.5025 38.799 2.5
      vertex 19.0808 39.0808 2.5
    endloop
  endfacet
  facet normal 0.923872 0.382701 0
    outer loop
      vertex 22.8978 89.7765 8.5
      vertex 22.5981 90.5 2.5
      vertex 22.5981 90.5 8.5
    endloop
  endfacet
  facet normal 0.923872 0.382701 0
    outer loop
      vertex 22.5981 90.5 2.5
      vertex 22.8978 89.7765 8.5
      vertex 22.8978 89.7765 2.5
    endloop
  endfacet
  facet normal 0.99145 0.130491 0
    outer loop
      vertex 23 89 8.5
      vertex 22.8978 89.7765 2.5
      vertex 22.8978 89.7765 8.5
    endloop
  endfacet
  facet normal 0.99145 0.130491 0
    outer loop
      vertex 22.8978 89.7765 2.5
      vertex 23 89 8.5
      vertex 23 89 2.5
    endloop
  endfacet
  facet normal -0.608809 0.793316 0
    outer loop
      vertex 18.5 91.5981 2.5
      vertex 17.8787 91.1213 8.5
      vertex 18.5 91.5981 8.5
    endloop
  endfacet
  facet normal -0.608809 0.793316 0
    outer loop
      vertex 17.8787 91.1213 8.5
      vertex 18.5 91.5981 2.5
      vertex 17.8787 91.1213 2.5
    endloop
  endfacet
  facet normal -0.382701 0.923872 0
    outer loop
      vertex 19.2235 91.8978 2.5
      vertex 18.5 91.5981 8.5
      vertex 19.2235 91.8978 8.5
    endloop
  endfacet
  facet normal -0.382701 0.923872 0
    outer loop
      vertex 18.5 91.5981 8.5
      vertex 19.2235 91.8978 2.5
      vertex 18.5 91.5981 2.5
    endloop
  endfacet
  facet normal 0.608809 -0.793316 0
    outer loop
      vertex 21.5 86.4019 2.5
      vertex 22.1213 86.8787 8.5
      vertex 21.5 86.4019 8.5
    endloop
  endfacet
  facet normal 0.608809 -0.793316 0
    outer loop
      vertex 22.1213 86.8787 8.5
      vertex 21.5 86.4019 2.5
      vertex 22.1213 86.8787 2.5
    endloop
  endfacet
  facet normal 0.608809 0.793316 -0
    outer loop
      vertex 22.1213 91.1213 2.5
      vertex 21.5 91.5981 8.5
      vertex 22.1213 91.1213 8.5
    endloop
  endfacet
  facet normal 0.608809 0.793316 0
    outer loop
      vertex 21.5 91.5981 8.5
      vertex 22.1213 91.1213 2.5
      vertex 21.5 91.5981 2.5
    endloop
  endfacet
  facet normal -0.130491 -0.99145 0
    outer loop
      vertex 19.2235 86.1022 2.5
      vertex 20 86 8.5
      vertex 19.2235 86.1022 8.5
    endloop
  endfacet
  facet normal -0.130491 -0.99145 -0
    outer loop
      vertex 20 86 8.5
      vertex 19.2235 86.1022 2.5
      vertex 20 86 2.5
    endloop
  endfacet
  facet normal 0.130491 0.99145 -0
    outer loop
      vertex 20.7765 91.8978 2.5
      vertex 20 92 8.5
      vertex 20.7765 91.8978 8.5
    endloop
  endfacet
  facet normal 0.130491 0.99145 0
    outer loop
      vertex 20 92 8.5
      vertex 20.7765 91.8978 2.5
      vertex 20 92 2.5
    endloop
  endfacet
  facet normal 0.382701 0.923872 -0
    outer loop
      vertex 21.5 91.5981 2.5
      vertex 20.7765 91.8978 8.5
      vertex 21.5 91.5981 8.5
    endloop
  endfacet
  facet normal 0.382701 0.923872 0
    outer loop
      vertex 20.7765 91.8978 8.5
      vertex 21.5 91.5981 2.5
      vertex 20.7765 91.8978 2.5
    endloop
  endfacet
  facet normal -0.608809 -0.793316 0
    outer loop
      vertex 17.8787 86.8787 2.5
      vertex 18.5 86.4019 8.5
      vertex 17.8787 86.8787 8.5
    endloop
  endfacet
  facet normal -0.608809 -0.793316 -0
    outer loop
      vertex 18.5 86.4019 8.5
      vertex 17.8787 86.8787 2.5
      vertex 18.5 86.4019 2.5
    endloop
  endfacet
  facet normal 0.793316 0.608809 0
    outer loop
      vertex 22.5981 90.5 8.5
      vertex 22.1213 91.1213 2.5
      vertex 22.1213 91.1213 8.5
    endloop
  endfacet
  facet normal 0.793316 0.608809 0
    outer loop
      vertex 22.1213 91.1213 2.5
      vertex 22.5981 90.5 8.5
      vertex 22.5981 90.5 2.5
    endloop
  endfacet
  facet normal 0.793316 -0.608809 0
    outer loop
      vertex 22.1213 86.8787 8.5
      vertex 22.5981 87.5 2.5
      vertex 22.5981 87.5 8.5
    endloop
  endfacet
  facet normal 0.793316 -0.608809 0
    outer loop
      vertex 22.5981 87.5 2.5
      vertex 22.1213 86.8787 8.5
      vertex 22.1213 86.8787 2.5
    endloop
  endfacet
  facet normal 0.382701 -0.923872 0
    outer loop
      vertex 20.7765 86.1022 2.5
      vertex 21.5 86.4019 8.5
      vertex 20.7765 86.1022 8.5
    endloop
  endfacet
  facet normal 0.382701 -0.923872 0
    outer loop
      vertex 21.5 86.4019 8.5
      vertex 20.7765 86.1022 2.5
      vertex 21.5 86.4019 2.5
    endloop
  endfacet
  facet normal -0.793316 0.608809 0
    outer loop
      vertex 17.4019 90.5 2.5
      vertex 17.8787 91.1213 8.5
      vertex 17.8787 91.1213 2.5
    endloop
  endfacet
  facet normal -0.793316 0.608809 0
    outer loop
      vertex 17.8787 91.1213 8.5
      vertex 17.4019 90.5 2.5
      vertex 17.4019 90.5 8.5
    endloop
  endfacet
  facet normal -0.793316 -0.608809 0
    outer loop
      vertex 17.8787 86.8787 2.5
      vertex 17.4019 87.5 8.5
      vertex 17.4019 87.5 2.5
    endloop
  endfacet
  facet normal -0.793316 -0.608809 0
    outer loop
      vertex 17.4019 87.5 8.5
      vertex 17.8787 86.8787 2.5
      vertex 17.8787 86.8787 8.5
    endloop
  endfacet
  facet normal 0.99145 -0.130491 0
    outer loop
      vertex 22.8978 88.2235 8.5
      vertex 23 89 2.5
      vertex 23 89 8.5
    endloop
  endfacet
  facet normal 0.99145 -0.130491 0
    outer loop
      vertex 23 89 2.5
      vertex 22.8978 88.2235 8.5
      vertex 22.8978 88.2235 2.5
    endloop
  endfacet
  facet normal -0.130491 0.99145 0
    outer loop
      vertex 20 92 2.5
      vertex 19.2235 91.8978 8.5
      vertex 20 92 8.5
    endloop
  endfacet
  facet normal -0.130491 0.99145 0
    outer loop
      vertex 19.2235 91.8978 8.5
      vertex 20 92 2.5
      vertex 19.2235 91.8978 2.5
    endloop
  endfacet
  facet normal -0.923872 -0.382701 0
    outer loop
      vertex 17.4019 87.5 2.5
      vertex 17.1022 88.2235 8.5
      vertex 17.1022 88.2235 2.5
    endloop
  endfacet
  facet normal -0.923872 -0.382701 0
    outer loop
      vertex 17.1022 88.2235 8.5
      vertex 17.4019 87.5 2.5
      vertex 17.4019 87.5 8.5
    endloop
  endfacet
  facet normal -0.99145 -0.130491 0
    outer loop
      vertex 17.1022 88.2235 2.5
      vertex 17 89 8.5
      vertex 17 89 2.5
    endloop
  endfacet
  facet normal -0.99145 -0.130491 0
    outer loop
      vertex 17 89 8.5
      vertex 17.1022 88.2235 2.5
      vertex 17.1022 88.2235 8.5
    endloop
  endfacet
  facet normal 0.923872 -0.382701 0
    outer loop
      vertex 22.5981 87.5 8.5
      vertex 22.8978 88.2235 2.5
      vertex 22.8978 88.2235 8.5
    endloop
  endfacet
  facet normal 0.923872 -0.382701 0
    outer loop
      vertex 22.8978 88.2235 2.5
      vertex 22.5981 87.5 8.5
      vertex 22.5981 87.5 2.5
    endloop
  endfacet
  facet normal -0.382701 -0.923872 0
    outer loop
      vertex 18.5 86.4019 2.5
      vertex 19.2235 86.1022 8.5
      vertex 18.5 86.4019 8.5
    endloop
  endfacet
  facet normal -0.382701 -0.923872 -0
    outer loop
      vertex 19.2235 86.1022 8.5
      vertex 18.5 86.4019 2.5
      vertex 19.2235 86.1022 2.5
    endloop
  endfacet
  facet normal 0 0 1
    outer loop
      vertex 21.3 89 8.5
      vertex 23 89 8.5
      vertex 22.8978 89.7765 8.5
    endloop
  endfacet
  facet normal 0 0 1
    outer loop
      vertex 21.201 89.4975 8.5
      vertex 22.8978 89.7765 8.5
      vertex 22.5981 90.5 8.5
    endloop
  endfacet
  facet normal 0 0 1
    outer loop
      vertex 23 89 8.5
      vertex 21.3 89 8.5
      vertex 22.8978 88.2235 8.5
    endloop
  endfacet
  facet normal 0 0 1
    outer loop
      vertex 20.9192 89.9192 8.5
      vertex 22.5981 90.5 8.5
      vertex 22.1213 91.1213 8.5
    endloop
  endfacet
  facet normal -0 0 1
    outer loop
      vertex 21.201 88.5025 8.5
      vertex 22.8978 88.2235 8.5
      vertex 21.3 89 8.5
    endloop
  endfacet
  facet normal 0 0 1
    outer loop
      vertex 20.9192 89.9192 8.5
      vertex 22.1213 91.1213 8.5
      vertex 21.5 91.5981 8.5
    endloop
  endfacet
  facet normal 0 0 1
    outer loop
      vertex 22.8978 88.2235 8.5
      vertex 21.201 88.5025 8.5
      vertex 22.5981 87.5 8.5
    endloop
  endfacet
  facet normal -0 0 1
    outer loop
      vertex 20.9192 88.0808 8.5
      vertex 22.5981 87.5 8.5
      vertex 21.201 88.5025 8.5
    endloop
  endfacet
  facet normal 0 0 1
    outer loop
      vertex 22.8978 89.7765 8.5
      vertex 21.201 89.4975 8.5
      vertex 21.3 89 8.5
    endloop
  endfacet
  facet normal 0 0 1
    outer loop
      vertex 22.5981 90.5 8.5
      vertex 20.9192 89.9192 8.5
      vertex 21.201 89.4975 8.5
    endloop
  endfacet
  facet normal 0 0 1
    outer loop
      vertex 20.4975 90.201 8.5
      vertex 21.5 91.5981 8.5
      vertex 20.7765 91.8978 8.5
    endloop
  endfacet
  facet normal 0 0 1
    outer loop
      vertex 21.5 91.5981 8.5
      vertex 20.4975 90.201 8.5
      vertex 20.9192 89.9192 8.5
    endloop
  endfacet
  facet normal 0 0 1
    outer loop
      vertex 20 90.3 8.5
      vertex 20.7765 91.8978 8.5
      vertex 20 92 8.5
    endloop
  endfacet
  facet normal 0 0 1
    outer loop
      vertex 20.7765 91.8978 8.5
      vertex 20 90.3 8.5
      vertex 20.4975 90.201 8.5
    endloop
  endfacet
  facet normal -0 0 1
    outer loop
      vertex 19.2235 91.8978 8.5
      vertex 20 90.3 8.5
      vertex 20 92 8.5
    endloop
  endfacet
  facet normal 0 0 1
    outer loop
      vertex 20 90.3 8.5
      vertex 19.2235 91.8978 8.5
      vertex 19.5025 90.201 8.5
    endloop
  endfacet
  facet normal -0 0 1
    outer loop
      vertex 18.5 91.5981 8.5
      vertex 19.5025 90.201 8.5
      vertex 19.2235 91.8978 8.5
    endloop
  endfacet
  facet normal 0 0 1
    outer loop
      vertex 19.5025 90.201 8.5
      vertex 18.5 91.5981 8.5
      vertex 19.0808 89.9192 8.5
    endloop
  endfacet
  facet normal -0 0 1
    outer loop
      vertex 17.8787 91.1213 8.5
      vertex 19.0808 89.9192 8.5
      vertex 18.5 91.5981 8.5
    endloop
  endfacet
  facet normal -0 0 1
    outer loop
      vertex 17.4019 90.5 8.5
      vertex 19.0808 89.9192 8.5
      vertex 17.8787 91.1213 8.5
    endloop
  endfacet
  facet normal 0 0 1
    outer loop
      vertex 22.5981 87.5 8.5
      vertex 20.9192 88.0808 8.5
      vertex 22.1213 86.8787 8.5
    endloop
  endfacet
  facet normal 0 0 1
    outer loop
      vertex 22.1213 86.8787 8.5
      vertex 20.9192 88.0808 8.5
      vertex 21.5 86.4019 8.5
    endloop
  endfacet
  facet normal -0 0 1
    outer loop
      vertex 20.4975 87.799 8.5
      vertex 21.5 86.4019 8.5
      vertex 20.9192 88.0808 8.5
    endloop
  endfacet
  facet normal 0 0 1
    outer loop
      vertex 21.5 86.4019 8.5
      vertex 20.4975 87.799 8.5
      vertex 20.7765 86.1022 8.5
    endloop
  endfacet
  facet normal -0 0 1
    outer loop
      vertex 20 87.7 8.5
      vertex 20.7765 86.1022 8.5
      vertex 20.4975 87.799 8.5
    endloop
  endfacet
  facet normal 0 0 1
    outer loop
      vertex 20 87.7 8.5
      vertex 20 86 8.5
      vertex 20.7765 86.1022 8.5
    endloop
  endfacet
  facet normal 0 0 1
    outer loop
      vertex 19.2235 86.1022 8.5
      vertex 20 87.7 8.5
      vertex 19.5025 87.799 8.5
    endloop
  endfacet
  facet normal 0 0 1
    outer loop
      vertex 20 87.7 8.5
      vertex 19.2235 86.1022 8.5
      vertex 20 86 8.5
    endloop
  endfacet
  facet normal 0 0 1
    outer loop
      vertex 18.5 86.4019 8.5
      vertex 19.5025 87.799 8.5
      vertex 19.0808 88.0808 8.5
    endloop
  endfacet
  facet normal 0 0 1
    outer loop
      vertex 17.4019 87.5 8.5
      vertex 19.0808 88.0808 8.5
      vertex 18.799 88.5025 8.5
    endloop
  endfacet
  facet normal 0 0 1
    outer loop
      vertex 17.1022 88.2235 8.5
      vertex 18.799 88.5025 8.5
      vertex 18.7 89 8.5
    endloop
  endfacet
  facet normal 0 0 1
    outer loop
      vertex 19.5025 87.799 8.5
      vertex 18.5 86.4019 8.5
      vertex 19.2235 86.1022 8.5
    endloop
  endfacet
  facet normal 0 0 1
    outer loop
      vertex 19.0808 89.9192 8.5
      vertex 17.4019 90.5 8.5
      vertex 18.799 89.4975 8.5
    endloop
  endfacet
  facet normal -0 0 1
    outer loop
      vertex 17.1022 89.7765 8.5
      vertex 18.799 89.4975 8.5
      vertex 17.4019 90.5 8.5
    endloop
  endfacet
  facet normal 0 0 1
    outer loop
      vertex 19.0808 88.0808 8.5
      vertex 17.8787 86.8787 8.5
      vertex 18.5 86.4019 8.5
    endloop
  endfacet
  facet normal 0 0 1
    outer loop
      vertex 18.799 89.4975 8.5
      vertex 17.1022 89.7765 8.5
      vertex 18.7 89 8.5
    endloop
  endfacet
  facet normal 0 0 1
    outer loop
      vertex 19.0808 88.0808 8.5
      vertex 17.4019 87.5 8.5
      vertex 17.8787 86.8787 8.5
    endloop
  endfacet
  facet normal 0 0 1
    outer loop
      vertex 17 89 8.5
      vertex 18.7 89 8.5
      vertex 17.1022 89.7765 8.5
    endloop
  endfacet
  facet normal 0 0 1
    outer loop
      vertex 18.799 88.5025 8.5
      vertex 17.1022 88.2235 8.5
      vertex 17.4019 87.5 8.5
    endloop
  endfacet
  facet normal 0 0 1
    outer loop
      vertex 18.7 89 8.5
      vertex 17 89 8.5
      vertex 17.1022 88.2235 8.5
    endloop
  endfacet
  facet normal 0.130491 -0.99145 0
    outer loop
      vertex 20 86 2.5
      vertex 20.7765 86.1022 8.5
      vertex 20 86 8.5
    endloop
  endfacet
  facet normal 0.130491 -0.99145 0
    outer loop
      vertex 20.7765 86.1022 8.5
      vertex 20 86 2.5
      vertex 20.7765 86.1022 2.5
    endloop
  endfacet
  facet normal -0.923872 0.382701 0
    outer loop
      vertex 17.1022 89.7765 2.5
      vertex 17.4019 90.5 8.5
      vertex 17.4019 90.5 2.5
    endloop
  endfacet
  facet normal -0.923872 0.382701 0
    outer loop
      vertex 17.4019 90.5 8.5
      vertex 17.1022 89.7765 2.5
      vertex 17.1022 89.7765 8.5
    endloop
  endfacet
  facet normal -0.99145 0.130491 0
    outer loop
      vertex 17 89 2.5
      vertex 17.1022 89.7765 8.5
      vertex 17.1022 89.7765 2.5
    endloop
  endfacet
  facet normal -0.99145 0.130491 0
    outer loop
      vertex 17.1022 89.7765 8.5
      vertex 17 89 2.5
      vertex 17 89 8.5
    endloop
  endfacet
  facet normal 0.195168 0.98077 -0
    outer loop
      vertex 20 87.7 2.5
      vertex 19.5025 87.799 8.5
      vertex 20 87.7 8.5
    endloop
  endfacet
  facet normal 0.195168 0.98077 0
    outer loop
      vertex 19.5025 87.799 8.5
      vertex 20 87.7 2.5
      vertex 19.5025 87.799 2.5
    endloop
  endfacet
  facet normal -0.831443 -0.55561 0
    outer loop
      vertex 21.201 89.4975 2.5
      vertex 20.9192 89.9192 8.5
      vertex 20.9192 89.9192 2.5
    endloop
  endfacet
  facet normal -0.831443 -0.55561 0
    outer loop
      vertex 20.9192 89.9192 8.5
      vertex 21.201 89.4975 2.5
      vertex 21.201 89.4975 8.5
    endloop
  endfacet
  facet normal -0.98077 -0.195168 0
    outer loop
      vertex 21.3 89 2.5
      vertex 21.201 89.4975 8.5
      vertex 21.201 89.4975 2.5
    endloop
  endfacet
  facet normal -0.98077 -0.195168 0
    outer loop
      vertex 21.201 89.4975 8.5
      vertex 21.3 89 2.5
      vertex 21.3 89 8.5
    endloop
  endfacet
  facet normal -0.55561 -0.831443 0
    outer loop
      vertex 20.4975 90.201 2.5
      vertex 20.9192 89.9192 8.5
      vertex 20.4975 90.201 8.5
    endloop
  endfacet
  facet normal -0.55561 -0.831443 -0
    outer loop
      vertex 20.9192 89.9192 8.5
      vertex 20.4975 90.201 2.5
      vertex 20.9192 89.9192 2.5
    endloop
  endfacet
  facet normal -0.831443 0.55561 0
    outer loop
      vertex 20.9192 88.0808 2.5
      vertex 21.201 88.5025 8.5
      vertex 21.201 88.5025 2.5
    endloop
  endfacet
  facet normal -0.831443 0.55561 0
    outer loop
      vertex 21.201 88.5025 8.5
      vertex 20.9192 88.0808 2.5
      vertex 20.9192 88.0808 8.5
    endloop
  endfacet
  facet normal -0.55561 0.831443 0
    outer loop
      vertex 20.9192 88.0808 2.5
      vertex 20.4975 87.799 8.5
      vertex 20.9192 88.0808 8.5
    endloop
  endfacet
  facet normal -0.55561 0.831443 0
    outer loop
      vertex 20.4975 87.799 8.5
      vertex 20.9192 88.0808 2.5
      vertex 20.4975 87.799 2.5
    endloop
  endfacet
  facet normal 0.98077 -0.195168 0
    outer loop
      vertex 18.7 89 8.5
      vertex 18.799 89.4975 2.5
      vertex 18.799 89.4975 8.5
    endloop
  endfacet
  facet normal 0.98077 -0.195168 0
    outer loop
      vertex 18.799 89.4975 2.5
      vertex 18.7 89 8.5
      vertex 18.7 89 2.5
    endloop
  endfacet
  facet normal -0.195168 0.98077 0
    outer loop
      vertex 20.4975 87.799 2.5
      vertex 20 87.7 8.5
      vertex 20.4975 87.799 8.5
    endloop
  endfacet
  facet normal -0.195168 0.98077 0
    outer loop
      vertex 20 87.7 8.5
      vertex 20.4975 87.799 2.5
      vertex 20 87.7 2.5
    endloop
  endfacet
  facet normal 0.55561 -0.831443 0
    outer loop
      vertex 19.0808 89.9192 2.5
      vertex 19.5025 90.201 8.5
      vertex 19.0808 89.9192 8.5
    endloop
  endfacet
  facet normal 0.55561 -0.831443 0
    outer loop
      vertex 19.5025 90.201 8.5
      vertex 19.0808 89.9192 2.5
      vertex 19.5025 90.201 2.5
    endloop
  endfacet
  facet normal -0.98077 0.195168 0
    outer loop
      vertex 21.201 88.5025 2.5
      vertex 21.3 89 8.5
      vertex 21.3 89 2.5
    endloop
  endfacet
  facet normal -0.98077 0.195168 0
    outer loop
      vertex 21.3 89 8.5
      vertex 21.201 88.5025 2.5
      vertex 21.201 88.5025 8.5
    endloop
  endfacet
  facet normal 0.98077 0.195168 0
    outer loop
      vertex 18.799 88.5025 8.5
      vertex 18.7 89 2.5
      vertex 18.7 89 8.5
    endloop
  endfacet
  facet normal 0.98077 0.195168 0
    outer loop
      vertex 18.7 89 2.5
      vertex 18.799 88.5025 8.5
      vertex 18.799 88.5025 2.5
    endloop
  endfacet
  facet normal 0.195168 -0.98077 0
    outer loop
      vertex 19.5025 90.201 2.5
      vertex 20 90.3 8.5
      vertex 19.5025 90.201 8.5
    endloop
  endfacet
  facet normal 0.195168 -0.98077 0
    outer loop
      vertex 20 90.3 8.5
      vertex 19.5025 90.201 2.5
      vertex 20 90.3 2.5
    endloop
  endfacet
  facet normal 0.831443 0.55561 0
    outer loop
      vertex 19.0808 88.0808 8.5
      vertex 18.799 88.5025 2.5
      vertex 18.799 88.5025 8.5
    endloop
  endfacet
  facet normal 0.831443 0.55561 0
    outer loop
      vertex 18.799 88.5025 2.5
      vertex 19.0808 88.0808 8.5
      vertex 19.0808 88.0808 2.5
    endloop
  endfacet
  facet normal 0.831443 -0.55561 0
    outer loop
      vertex 18.799 89.4975 8.5
      vertex 19.0808 89.9192 2.5
      vertex 19.0808 89.9192 8.5
    endloop
  endfacet
  facet normal 0.831443 -0.55561 0
    outer loop
      vertex 19.0808 89.9192 2.5
      vertex 18.799 89.4975 8.5
      vertex 18.799 89.4975 2.5
    endloop
  endfacet
  facet normal -0.195168 -0.98077 0
    outer loop
      vertex 20 90.3 2.5
      vertex 20.4975 90.201 8.5
      vertex 20 90.3 8.5
    endloop
  endfacet
  facet normal -0.195168 -0.98077 -0
    outer loop
      vertex 20.4975 90.201 8.5
      vertex 20 90.3 2.5
      vertex 20.4975 90.201 2.5
    endloop
  endfacet
  facet normal 0.55561 0.831443 -0
    outer loop
      vertex 19.5025 87.799 2.5
      vertex 19.0808 88.0808 8.5
      vertex 19.5025 87.799 8.5
    endloop
  endfacet
  facet normal 0.55561 0.831443 0
    outer loop
      vertex 19.0808 88.0808 8.5
      vertex 19.5025 87.799 2.5
      vertex 19.0808 88.0808 2.5
    endloop
  endfacet
  facet normal 0.923872 0.382701 0
    outer loop
      vertex 80.8978 40.7765 8.5
      vertex 80.5981 41.5 2.5
      vertex 80.5981 41.5 8.5
    endloop
  endfacet
  facet normal 0.923872 0.382701 0
    outer loop
      vertex 80.5981 41.5 2.5
      vertex 80.8978 40.7765 8.5
      vertex 80.8978 40.7765 2.5
    endloop
  endfacet
  facet normal 0.99145 0.130491 0
    outer loop
      vertex 81 40 8.5
      vertex 80.8978 40.7765 2.5
      vertex 80.8978 40.7765 8.5
    endloop
  endfacet
  facet normal 0.99145 0.130491 0
    outer loop
      vertex 80.8978 40.7765 2.5
      vertex 81 40 8.5
      vertex 81 40 2.5
    endloop
  endfacet
  facet normal -0.608809 0.793316 0
    outer loop
      vertex 76.5 42.5981 2.5
      vertex 75.8787 42.1213 8.5
      vertex 76.5 42.5981 8.5
    endloop
  endfacet
  facet normal -0.608809 0.793316 0
    outer loop
      vertex 75.8787 42.1213 8.5
      vertex 76.5 42.5981 2.5
      vertex 75.8787 42.1213 2.5
    endloop
  endfacet
  facet normal -0.382701 0.923872 0
    outer loop
      vertex 77.2235 42.8978 2.5
      vertex 76.5 42.5981 8.5
      vertex 77.2235 42.8978 8.5
    endloop
  endfacet
  facet normal -0.382701 0.923872 0
    outer loop
      vertex 76.5 42.5981 8.5
      vertex 77.2235 42.8978 2.5
      vertex 76.5 42.5981 2.5
    endloop
  endfacet
  facet normal 0.608809 -0.793316 0
    outer loop
      vertex 79.5 37.4019 2.5
      vertex 80.1213 37.8787 8.5
      vertex 79.5 37.4019 8.5
    endloop
  endfacet
  facet normal 0.608809 -0.793316 0
    outer loop
      vertex 80.1213 37.8787 8.5
      vertex 79.5 37.4019 2.5
      vertex 80.1213 37.8787 2.5
    endloop
  endfacet
  facet normal 0.608809 0.793316 -0
    outer loop
      vertex 80.1213 42.1213 2.5
      vertex 79.5 42.5981 8.5
      vertex 80.1213 42.1213 8.5
    endloop
  endfacet
  facet normal 0.608809 0.793316 0
    outer loop
      vertex 79.5 42.5981 8.5
      vertex 80.1213 42.1213 2.5
      vertex 79.5 42.5981 2.5
    endloop
  endfacet
  facet normal -0.130491 -0.99145 0
    outer loop
      vertex 77.2235 37.1022 2.5
      vertex 78 37 8.5
      vertex 77.2235 37.1022 8.5
    endloop
  endfacet
  facet normal -0.130491 -0.99145 -0
    outer loop
      vertex 78 37 8.5
      vertex 77.2235 37.1022 2.5
      vertex 78 37 2.5
    endloop
  endfacet
  facet normal 0.130491 0.99145 -0
    outer loop
      vertex 78.7765 42.8978 2.5
      vertex 78 43 8.5
      vertex 78.7765 42.8978 8.5
    endloop
  endfacet
  facet normal 0.130491 0.99145 0
    outer loop
      vertex 78 43 8.5
      vertex 78.7765 42.8978 2.5
      vertex 78 43 2.5
    endloop
  endfacet
  facet normal 0.382701 0.923872 -0
    outer loop
      vertex 79.5 42.5981 2.5
      vertex 78.7765 42.8978 8.5
      vertex 79.5 42.5981 8.5
    endloop
  endfacet
  facet normal 0.382701 0.923872 0
    outer loop
      vertex 78.7765 42.8978 8.5
      vertex 79.5 42.5981 2.5
      vertex 78.7765 42.8978 2.5
    endloop
  endfacet
  facet normal -0.608809 -0.793316 0
    outer loop
      vertex 75.8787 37.8787 2.5
      vertex 76.5 37.4019 8.5
      vertex 75.8787 37.8787 8.5
    endloop
  endfacet
  facet normal -0.608809 -0.793316 -0
    outer loop
      vertex 76.5 37.4019 8.5
      vertex 75.8787 37.8787 2.5
      vertex 76.5 37.4019 2.5
    endloop
  endfacet
  facet normal 0.793316 0.608809 0
    outer loop
      vertex 80.5981 41.5 8.5
      vertex 80.1213 42.1213 2.5
      vertex 80.1213 42.1213 8.5
    endloop
  endfacet
  facet normal 0.793316 0.608809 0
    outer loop
      vertex 80.1213 42.1213 2.5
      vertex 80.5981 41.5 8.5
      vertex 80.5981 41.5 2.5
    endloop
  endfacet
  facet normal 0.793316 -0.608809 0
    outer loop
      vertex 80.1213 37.8787 8.5
      vertex 80.5981 38.5 2.5
      vertex 80.5981 38.5 8.5
    endloop
  endfacet
  facet normal 0.793316 -0.608809 0
    outer loop
      vertex 80.5981 38.5 2.5
      vertex 80.1213 37.8787 8.5
      vertex 80.1213 37.8787 2.5
    endloop
  endfacet
  facet normal 0.382701 -0.923872 0
    outer loop
      vertex 78.7765 37.1022 2.5
      vertex 79.5 37.4019 8.5
      vertex 78.7765 37.1022 8.5
    endloop
  endfacet
  facet normal 0.382701 -0.923872 0
    outer loop
      vertex 79.5 37.4019 8.5
      vertex 78.7765 37.1022 2.5
      vertex 79.5 37.4019 2.5
    endloop
  endfacet
  facet normal -0.793316 0.608809 0
    outer loop
      vertex 75.4019 41.5 2.5
      vertex 75.8787 42.1213 8.5
      vertex 75.8787 42.1213 2.5
    endloop
  endfacet
  facet normal -0.793316 0.608809 0
    outer loop
      vertex 75.8787 42.1213 8.5
      vertex 75.4019 41.5 2.5
      vertex 75.4019 41.5 8.5
    endloop
  endfacet
  facet normal -0.793316 -0.608809 0
    outer loop
      vertex 75.8787 37.8787 2.5
      vertex 75.4019 38.5 8.5
      vertex 75.4019 38.5 2.5
    endloop
  endfacet
  facet normal -0.793316 -0.608809 0
    outer loop
      vertex 75.4019 38.5 8.5
      vertex 75.8787 37.8787 2.5
      vertex 75.8787 37.8787 8.5
    endloop
  endfacet
  facet normal 0.99145 -0.130491 0
    outer loop
      vertex 80.8978 39.2235 8.5
      vertex 81 40 2.5
      vertex 81 40 8.5
    endloop
  endfacet
  facet normal 0.99145 -0.130491 0
    outer loop
      vertex 81 40 2.5
      vertex 80.8978 39.2235 8.5
      vertex 80.8978 39.2235 2.5
    endloop
  endfacet
  facet normal -0.130491 0.99145 0
    outer loop
      vertex 78 43 2.5
      vertex 77.2235 42.8978 8.5
      vertex 78 43 8.5
    endloop
  endfacet
  facet normal -0.130491 0.99145 0
    outer loop
      vertex 77.2235 42.8978 8.5
      vertex 78 43 2.5
      vertex 77.2235 42.8978 2.5
    endloop
  endfacet
  facet normal -0.923872 -0.382701 0
    outer loop
      vertex 75.4019 38.5 2.5
      vertex 75.1022 39.2235 8.5
      vertex 75.1022 39.2235 2.5
    endloop
  endfacet
  facet normal -0.923872 -0.382701 0
    outer loop
      vertex 75.1022 39.2235 8.5
      vertex 75.4019 38.5 2.5
      vertex 75.4019 38.5 8.5
    endloop
  endfacet
  facet normal -0.99145 -0.130491 0
    outer loop
      vertex 75.1022 39.2235 2.5
      vertex 75 40 8.5
      vertex 75 40 2.5
    endloop
  endfacet
  facet normal -0.99145 -0.130491 0
    outer loop
      vertex 75 40 8.5
      vertex 75.1022 39.2235 2.5
      vertex 75.1022 39.2235 8.5
    endloop
  endfacet
  facet normal 0.923872 -0.382701 0
    outer loop
      vertex 80.5981 38.5 8.5
      vertex 80.8978 39.2235 2.5
      vertex 80.8978 39.2235 8.5
    endloop
  endfacet
  facet normal 0.923872 -0.382701 0
    outer loop
      vertex 80.8978 39.2235 2.5
      vertex 80.5981 38.5 8.5
      vertex 80.5981 38.5 2.5
    endloop
  endfacet
  facet normal -0.382701 -0.923872 0
    outer loop
      vertex 76.5 37.4019 2.5
      vertex 77.2235 37.1022 8.5
      vertex 76.5 37.4019 8.5
    endloop
  endfacet
  facet normal -0.382701 -0.923872 -0
    outer loop
      vertex 77.2235 37.1022 8.5
      vertex 76.5 37.4019 2.5
      vertex 77.2235 37.1022 2.5
    endloop
  endfacet
  facet normal 0 0 1
    outer loop
      vertex 79.3 40 8.5
      vertex 81 40 8.5
      vertex 80.8978 40.7765 8.5
    endloop
  endfacet
  facet normal 0 0 1
    outer loop
      vertex 79.201 40.4975 8.5
      vertex 80.8978 40.7765 8.5
      vertex 80.5981 41.5 8.5
    endloop
  endfacet
  facet normal 0 0 1
    outer loop
      vertex 81 40 8.5
      vertex 79.3 40 8.5
      vertex 80.8978 39.2235 8.5
    endloop
  endfacet
  facet normal 0 0 1
    outer loop
      vertex 78.9192 40.9192 8.5
      vertex 80.5981 41.5 8.5
      vertex 80.1213 42.1213 8.5
    endloop
  endfacet
  facet normal -0 0 1
    outer loop
      vertex 79.201 39.5025 8.5
      vertex 80.8978 39.2235 8.5
      vertex 79.3 40 8.5
    endloop
  endfacet
  facet normal 0 0 1
    outer loop
      vertex 78.9192 40.9192 8.5
      vertex 80.1213 42.1213 8.5
      vertex 79.5 42.5981 8.5
    endloop
  endfacet
  facet normal 0 0 1
    outer loop
      vertex 80.8978 39.2235 8.5
      vertex 79.201 39.5025 8.5
      vertex 80.5981 38.5 8.5
    endloop
  endfacet
  facet normal -0 0 1
    outer loop
      vertex 78.9192 39.0808 8.5
      vertex 80.5981 38.5 8.5
      vertex 79.201 39.5025 8.5
    endloop
  endfacet
  facet normal 0 0 1
    outer loop
      vertex 80.8978 40.7765 8.5
      vertex 79.201 40.4975 8.5
      vertex 79.3 40 8.5
    endloop
  endfacet
  facet normal 0 0 1
    outer loop
      vertex 80.5981 41.5 8.5
      vertex 78.9192 40.9192 8.5
      vertex 79.201 40.4975 8.5
    endloop
  endfacet
  facet normal 0 0 1
    outer loop
      vertex 78.4975 41.201 8.5
      vertex 79.5 42.5981 8.5
      vertex 78.7765 42.8978 8.5
    endloop
  endfacet
  facet normal 0 0 1
    outer loop
      vertex 79.5 42.5981 8.5
      vertex 78.4975 41.201 8.5
      vertex 78.9192 40.9192 8.5
    endloop
  endfacet
  facet normal 0 0 1
    outer loop
      vertex 78 41.3 8.5
      vertex 78.7765 42.8978 8.5
      vertex 78 43 8.5
    endloop
  endfacet
  facet normal 0 0 1
    outer loop
      vertex 78.7765 42.8978 8.5
      vertex 78 41.3 8.5
      vertex 78.4975 41.201 8.5
    endloop
  endfacet
  facet normal -0 0 1
    outer loop
      vertex 77.2235 42.8978 8.5
      vertex 78 41.3 8.5
      vertex 78 43 8.5
    endloop
  endfacet
  facet normal 0 0 1
    outer loop
      vertex 78 41.3 8.5
      vertex 77.2235 42.8978 8.5
      vertex 77.5025 41.201 8.5
    endloop
  endfacet
  facet normal -0 0 1
    outer loop
      vertex 76.5 42.5981 8.5
      vertex 77.5025 41.201 8.5
      vertex 77.2235 42.8978 8.5
    endloop
  endfacet
  facet normal 0 0 1
    outer loop
      vertex 77.5025 41.201 8.5
      vertex 76.5 42.5981 8.5
      vertex 77.0808 40.9192 8.5
    endloop
  endfacet
  facet normal -0 0 1
    outer loop
      vertex 75.8787 42.1213 8.5
      vertex 77.0808 40.9192 8.5
      vertex 76.5 42.5981 8.5
    endloop
  endfacet
  facet normal -0 0 1
    outer loop
      vertex 75.4019 41.5 8.5
      vertex 77.0808 40.9192 8.5
      vertex 75.8787 42.1213 8.5
    endloop
  endfacet
  facet normal 0 0 1
    outer loop
      vertex 80.5981 38.5 8.5
      vertex 78.9192 39.0808 8.5
      vertex 80.1213 37.8787 8.5
    endloop
  endfacet
  facet normal 0 0 1
    outer loop
      vertex 80.1213 37.8787 8.5
      vertex 78.9192 39.0808 8.5
      vertex 79.5 37.4019 8.5
    endloop
  endfacet
  facet normal -0 0 1
    outer loop
      vertex 78.4975 38.799 8.5
      vertex 79.5 37.4019 8.5
      vertex 78.9192 39.0808 8.5
    endloop
  endfacet
  facet normal 0 0 1
    outer loop
      vertex 79.5 37.4019 8.5
      vertex 78.4975 38.799 8.5
      vertex 78.7765 37.1022 8.5
    endloop
  endfacet
  facet normal -0 0 1
    outer loop
      vertex 78 38.7 8.5
      vertex 78.7765 37.1022 8.5
      vertex 78.4975 38.799 8.5
    endloop
  endfacet
  facet normal 0 0 1
    outer loop
      vertex 78 38.7 8.5
      vertex 78 37 8.5
      vertex 78.7765 37.1022 8.5
    endloop
  endfacet
  facet normal 0 0 1
    outer loop
      vertex 77.2235 37.1022 8.5
      vertex 78 38.7 8.5
      vertex 77.5025 38.799 8.5
    endloop
  endfacet
  facet normal 0 0 1
    outer loop
      vertex 78 38.7 8.5
      vertex 77.2235 37.1022 8.5
      vertex 78 37 8.5
    endloop
  endfacet
  facet normal 0 0 1
    outer loop
      vertex 76.5 37.4019 8.5
      vertex 77.5025 38.799 8.5
      vertex 77.0808 39.0808 8.5
    endloop
  endfacet
  facet normal 0 0 1
    outer loop
      vertex 75.4019 38.5 8.5
      vertex 77.0808 39.0808 8.5
      vertex 76.799 39.5025 8.5
    endloop
  endfacet
  facet normal 0 0 1
    outer loop
      vertex 75.1022 39.2235 8.5
      vertex 76.799 39.5025 8.5
      vertex 76.7 40 8.5
    endloop
  endfacet
  facet normal 0 0 1
    outer loop
      vertex 77.5025 38.799 8.5
      vertex 76.5 37.4019 8.5
      vertex 77.2235 37.1022 8.5
    endloop
  endfacet
  facet normal 0 0 1
    outer loop
      vertex 77.0808 40.9192 8.5
      vertex 75.4019 41.5 8.5
      vertex 76.799 40.4975 8.5
    endloop
  endfacet
  facet normal -0 0 1
    outer loop
      vertex 75.1022 40.7765 8.5
      vertex 76.799 40.4975 8.5
      vertex 75.4019 41.5 8.5
    endloop
  endfacet
  facet normal 0 0 1
    outer loop
      vertex 77.0808 39.0808 8.5
      vertex 75.8787 37.8787 8.5
      vertex 76.5 37.4019 8.5
    endloop
  endfacet
  facet normal 0 0 1
    outer loop
      vertex 76.799 40.4975 8.5
      vertex 75.1022 40.7765 8.5
      vertex 76.7 40 8.5
    endloop
  endfacet
  facet normal 0 0 1
    outer loop
      vertex 77.0808 39.0808 8.5
      vertex 75.4019 38.5 8.5
      vertex 75.8787 37.8787 8.5
    endloop
  endfacet
  facet normal 0 0 1
    outer loop
      vertex 75 40 8.5
      vertex 76.7 40 8.5
      vertex 75.1022 40.7765 8.5
    endloop
  endfacet
  facet normal 0 0 1
    outer loop
      vertex 76.799 39.5025 8.5
      vertex 75.1022 39.2235 8.5
      vertex 75.4019 38.5 8.5
    endloop
  endfacet
  facet normal 0 0 1
    outer loop
      vertex 76.7 40 8.5
      vertex 75 40 8.5
      vertex 75.1022 39.2235 8.5
    endloop
  endfacet
  facet normal 0.130491 -0.99145 0
    outer loop
      vertex 78 37 2.5
      vertex 78.7765 37.1022 8.5
      vertex 78 37 8.5
    endloop
  endfacet
  facet normal 0.130491 -0.99145 0
    outer loop
      vertex 78.7765 37.1022 8.5
      vertex 78 37 2.5
      vertex 78.7765 37.1022 2.5
    endloop
  endfacet
  facet normal -0.923872 0.382701 0
    outer loop
      vertex 75.1022 40.7765 2.5
      vertex 75.4019 41.5 8.5
      vertex 75.4019 41.5 2.5
    endloop
  endfacet
  facet normal -0.923872 0.382701 0
    outer loop
      vertex 75.4019 41.5 8.5
      vertex 75.1022 40.7765 2.5
      vertex 75.1022 40.7765 8.5
    endloop
  endfacet
  facet normal -0.99145 0.130491 0
    outer loop
      vertex 75 40 2.5
      vertex 75.1022 40.7765 8.5
      vertex 75.1022 40.7765 2.5
    endloop
  endfacet
  facet normal -0.99145 0.130491 0
    outer loop
      vertex 75.1022 40.7765 8.5
      vertex 75 40 2.5
      vertex 75 40 8.5
    endloop
  endfacet
  facet normal 0.195168 0.98077 -0
    outer loop
      vertex 78 38.7 2.5
      vertex 77.5025 38.799 8.5
      vertex 78 38.7 8.5
    endloop
  endfacet
  facet normal 0.195168 0.98077 0
    outer loop
      vertex 77.5025 38.799 8.5
      vertex 78 38.7 2.5
      vertex 77.5025 38.799 2.5
    endloop
  endfacet
  facet normal -0.831443 -0.55561 0
    outer loop
      vertex 79.201 40.4975 2.5
      vertex 78.9192 40.9192 8.5
      vertex 78.9192 40.9192 2.5
    endloop
  endfacet
  facet normal -0.831443 -0.55561 0
    outer loop
      vertex 78.9192 40.9192 8.5
      vertex 79.201 40.4975 2.5
      vertex 79.201 40.4975 8.5
    endloop
  endfacet
  facet normal -0.98077 -0.195168 0
    outer loop
      vertex 79.3 40 2.5
      vertex 79.201 40.4975 8.5
      vertex 79.201 40.4975 2.5
    endloop
  endfacet
  facet normal -0.98077 -0.195168 0
    outer loop
      vertex 79.201 40.4975 8.5
      vertex 79.3 40 2.5
      vertex 79.3 40 8.5
    endloop
  endfacet
  facet normal -0.55561 -0.831443 0
    outer loop
      vertex 78.4975 41.201 2.5
      vertex 78.9192 40.9192 8.5
      vertex 78.4975 41.201 8.5
    endloop
  endfacet
  facet normal -0.55561 -0.831443 -0
    outer loop
      vertex 78.9192 40.9192 8.5
      vertex 78.4975 41.201 2.5
      vertex 78.9192 40.9192 2.5
    endloop
  endfacet
  facet normal -0.831443 0.55561 0
    outer loop
      vertex 78.9192 39.0808 2.5
      vertex 79.201 39.5025 8.5
      vertex 79.201 39.5025 2.5
    endloop
  endfacet
  facet normal -0.831443 0.55561 0
    outer loop
      vertex 79.201 39.5025 8.5
      vertex 78.9192 39.0808 2.5
      vertex 78.9192 39.0808 8.5
    endloop
  endfacet
  facet normal -0.55561 0.831443 0
    outer loop
      vertex 78.9192 39.0808 2.5
      vertex 78.4975 38.799 8.5
      vertex 78.9192 39.0808 8.5
    endloop
  endfacet
  facet normal -0.55561 0.831443 0
    outer loop
      vertex 78.4975 38.799 8.5
      vertex 78.9192 39.0808 2.5
      vertex 78.4975 38.799 2.5
    endloop
  endfacet
  facet normal 0.98077 -0.195168 0
    outer loop
      vertex 76.7 40 8.5
      vertex 76.799 40.4975 2.5
      vertex 76.799 40.4975 8.5
    endloop
  endfacet
  facet normal 0.98077 -0.195168 0
    outer loop
      vertex 76.799 40.4975 2.5
      vertex 76.7 40 8.5
      vertex 76.7 40 2.5
    endloop
  endfacet
  facet normal -0.195168 0.98077 0
    outer loop
      vertex 78.4975 38.799 2.5
      vertex 78 38.7 8.5
      vertex 78.4975 38.799 8.5
    endloop
  endfacet
  facet normal -0.195168 0.98077 0
    outer loop
      vertex 78 38.7 8.5
      vertex 78.4975 38.799 2.5
      vertex 78 38.7 2.5
    endloop
  endfacet
  facet normal 0.55561 -0.831443 0
    outer loop
      vertex 77.0808 40.9192 2.5
      vertex 77.5025 41.201 8.5
      vertex 77.0808 40.9192 8.5
    endloop
  endfacet
  facet normal 0.55561 -0.831443 0
    outer loop
      vertex 77.5025 41.201 8.5
      vertex 77.0808 40.9192 2.5
      vertex 77.5025 41.201 2.5
    endloop
  endfacet
  facet normal -0.98077 0.195168 0
    outer loop
      vertex 79.201 39.5025 2.5
      vertex 79.3 40 8.5
      vertex 79.3 40 2.5
    endloop
  endfacet
  facet normal -0.98077 0.195168 0
    outer loop
      vertex 79.3 40 8.5
      vertex 79.201 39.5025 2.5
      vertex 79.201 39.5025 8.5
    endloop
  endfacet
  facet normal 0.98077 0.195168 0
    outer loop
      vertex 76.799 39.5025 8.5
      vertex 76.7 40 2.5
      vertex 76.7 40 8.5
    endloop
  endfacet
  facet normal 0.98077 0.195168 0
    outer loop
      vertex 76.7 40 2.5
      vertex 76.799 39.5025 8.5
      vertex 76.799 39.5025 2.5
    endloop
  endfacet
  facet normal 0.195168 -0.98077 0
    outer loop
      vertex 77.5025 41.201 2.5
      vertex 78 41.3 8.5
      vertex 77.5025 41.201 8.5
    endloop
  endfacet
  facet normal 0.195168 -0.98077 0
    outer loop
      vertex 78 41.3 8.5
      vertex 77.5025 41.201 2.5
      vertex 78 41.3 2.5
    endloop
  endfacet
  facet normal 0.831443 0.55561 0
    outer loop
      vertex 77.0808 39.0808 8.5
      vertex 76.799 39.5025 2.5
      vertex 76.799 39.5025 8.5
    endloop
  endfacet
  facet normal 0.831443 0.55561 0
    outer loop
      vertex 76.799 39.5025 2.5
      vertex 77.0808 39.0808 8.5
      vertex 77.0808 39.0808 2.5
    endloop
  endfacet
  facet normal 0.831443 -0.55561 0
    outer loop
      vertex 76.799 40.4975 8.5
      vertex 77.0808 40.9192 2.5
      vertex 77.0808 40.9192 8.5
    endloop
  endfacet
  facet normal 0.831443 -0.55561 0
    outer loop
      vertex 77.0808 40.9192 2.5
      vertex 76.799 40.4975 8.5
      vertex 76.799 40.4975 2.5
    endloop
  endfacet
  facet normal -0.195168 -0.98077 0
    outer loop
      vertex 78 41.3 2.5
      vertex 78.4975 41.201 8.5
      vertex 78 41.3 8.5
    endloop
  endfacet
  facet normal -0.195168 -0.98077 -0
    outer loop
      vertex 78.4975 41.201 8.5
      vertex 78 41.3 2.5
      vertex 78.4975 41.201 2.5
    endloop
  endfacet
  facet normal 0.55561 0.831443 -0
    outer loop
      vertex 77.5025 38.799 2.5
      vertex 77.0808 39.0808 8.5
      vertex 77.5025 38.799 8.5
    endloop
  endfacet
  facet normal 0.55561 0.831443 0
    outer loop
      vertex 77.0808 39.0808 8.5
      vertex 77.5025 38.799 2.5
      vertex 77.0808 39.0808 2.5
    endloop
  endfacet
  facet normal 0.923872 0.382701 0
    outer loop
      vertex 80.8978 89.7765 8.5
      vertex 80.5981 90.5 2.5
      vertex 80.5981 90.5 8.5
    endloop
  endfacet
  facet normal 0.923872 0.382701 0
    outer loop
      vertex 80.5981 90.5 2.5
      vertex 80.8978 89.7765 8.5
      vertex 80.8978 89.7765 2.5
    endloop
  endfacet
  facet normal 0.99145 0.130491 0
    outer loop
      vertex 81 89 8.5
      vertex 80.8978 89.7765 2.5
      vertex 80.8978 89.7765 8.5
    endloop
  endfacet
  facet normal 0.99145 0.130491 0
    outer loop
      vertex 80.8978 89.7765 2.5
      vertex 81 89 8.5
      vertex 81 89 2.5
    endloop
  endfacet
  facet normal -0.608809 0.793316 0
    outer loop
      vertex 76.5 91.5981 2.5
      vertex 75.8787 91.1213 8.5
      vertex 76.5 91.5981 8.5
    endloop
  endfacet
  facet normal -0.608809 0.793316 0
    outer loop
      vertex 75.8787 91.1213 8.5
      vertex 76.5 91.5981 2.5
      vertex 75.8787 91.1213 2.5
    endloop
  endfacet
  facet normal -0.382701 0.923872 0
    outer loop
      vertex 77.2235 91.8978 2.5
      vertex 76.5 91.5981 8.5
      vertex 77.2235 91.8978 8.5
    endloop
  endfacet
  facet normal -0.382701 0.923872 0
    outer loop
      vertex 76.5 91.5981 8.5
      vertex 77.2235 91.8978 2.5
      vertex 76.5 91.5981 2.5
    endloop
  endfacet
  facet normal 0.608809 -0.793316 0
    outer loop
      vertex 79.5 86.4019 2.5
      vertex 80.1213 86.8787 8.5
      vertex 79.5 86.4019 8.5
    endloop
  endfacet
  facet normal 0.608809 -0.793316 0
    outer loop
      vertex 80.1213 86.8787 8.5
      vertex 79.5 86.4019 2.5
      vertex 80.1213 86.8787 2.5
    endloop
  endfacet
  facet normal 0.608809 0.793316 -0
    outer loop
      vertex 80.1213 91.1213 2.5
      vertex 79.5 91.5981 8.5
      vertex 80.1213 91.1213 8.5
    endloop
  endfacet
  facet normal 0.608809 0.793316 0
    outer loop
      vertex 79.5 91.5981 8.5
      vertex 80.1213 91.1213 2.5
      vertex 79.5 91.5981 2.5
    endloop
  endfacet
  facet normal -0.130491 -0.99145 0
    outer loop
      vertex 77.2235 86.1022 2.5
      vertex 78 86 8.5
      vertex 77.2235 86.1022 8.5
    endloop
  endfacet
  facet normal -0.130491 -0.99145 -0
    outer loop
      vertex 78 86 8.5
      vertex 77.2235 86.1022 2.5
      vertex 78 86 2.5
    endloop
  endfacet
  facet normal 0.130491 0.99145 -0
    outer loop
      vertex 78.7765 91.8978 2.5
      vertex 78 92 8.5
      vertex 78.7765 91.8978 8.5
    endloop
  endfacet
  facet normal 0.130491 0.99145 0
    outer loop
      vertex 78 92 8.5
      vertex 78.7765 91.8978 2.5
      vertex 78 92 2.5
    endloop
  endfacet
  facet normal 0.382701 0.923872 -0
    outer loop
      vertex 79.5 91.5981 2.5
      vertex 78.7765 91.8978 8.5
      vertex 79.5 91.5981 8.5
    endloop
  endfacet
  facet normal 0.382701 0.923872 0
    outer loop
      vertex 78.7765 91.8978 8.5
      vertex 79.5 91.5981 2.5
      vertex 78.7765 91.8978 2.5
    endloop
  endfacet
  facet normal -0.608809 -0.793316 0
    outer loop
      vertex 75.8787 86.8787 2.5
      vertex 76.5 86.4019 8.5
      vertex 75.8787 86.8787 8.5
    endloop
  endfacet
  facet normal -0.608809 -0.793316 -0
    outer loop
      vertex 76.5 86.4019 8.5
      vertex 75.8787 86.8787 2.5
      vertex 76.5 86.4019 2.5
    endloop
  endfacet
  facet normal 0.793316 0.608809 0
    outer loop
      vertex 80.5981 90.5 8.5
      vertex 80.1213 91.1213 2.5
      vertex 80.1213 91.1213 8.5
    endloop
  endfacet
  facet normal 0.793316 0.608809 0
    outer loop
      vertex 80.1213 91.1213 2.5
      vertex 80.5981 90.5 8.5
      vertex 80.5981 90.5 2.5
    endloop
  endfacet
  facet normal 0.793316 -0.608809 0
    outer loop
      vertex 80.1213 86.8787 8.5
      vertex 80.5981 87.5 2.5
      vertex 80.5981 87.5 8.5
    endloop
  endfacet
  facet normal 0.793316 -0.608809 0
    outer loop
      vertex 80.5981 87.5 2.5
      vertex 80.1213 86.8787 8.5
      vertex 80.1213 86.8787 2.5
    endloop
  endfacet
  facet normal 0.382701 -0.923872 0
    outer loop
      vertex 78.7765 86.1022 2.5
      vertex 79.5 86.4019 8.5
      vertex 78.7765 86.1022 8.5
    endloop
  endfacet
  facet normal 0.382701 -0.923872 0
    outer loop
      vertex 79.5 86.4019 8.5
      vertex 78.7765 86.1022 2.5
      vertex 79.5 86.4019 2.5
    endloop
  endfacet
  facet normal -0.793316 0.608809 0
    outer loop
      vertex 75.4019 90.5 2.5
      vertex 75.8787 91.1213 8.5
      vertex 75.8787 91.1213 2.5
    endloop
  endfacet
  facet normal -0.793316 0.608809 0
    outer loop
      vertex 75.8787 91.1213 8.5
      vertex 75.4019 90.5 2.5
      vertex 75.4019 90.5 8.5
    endloop
  endfacet
  facet normal -0.793316 -0.608809 0
    outer loop
      vertex 75.8787 86.8787 2.5
      vertex 75.4019 87.5 8.5
      vertex 75.4019 87.5 2.5
    endloop
  endfacet
  facet normal -0.793316 -0.608809 0
    outer loop
      vertex 75.4019 87.5 8.5
      vertex 75.8787 86.8787 2.5
      vertex 75.8787 86.8787 8.5
    endloop
  endfacet
  facet normal 0.99145 -0.130491 0
    outer loop
      vertex 80.8978 88.2235 8.5
      vertex 81 89 2.5
      vertex 81 89 8.5
    endloop
  endfacet
  facet normal 0.99145 -0.130491 0
    outer loop
      vertex 81 89 2.5
      vertex 80.8978 88.2235 8.5
      vertex 80.8978 88.2235 2.5
    endloop
  endfacet
  facet normal -0.130491 0.99145 0
    outer loop
      vertex 78 92 2.5
      vertex 77.2235 91.8978 8.5
      vertex 78 92 8.5
    endloop
  endfacet
  facet normal -0.130491 0.99145 0
    outer loop
      vertex 77.2235 91.8978 8.5
      vertex 78 92 2.5
      vertex 77.2235 91.8978 2.5
    endloop
  endfacet
  facet normal -0.923872 -0.382701 0
    outer loop
      vertex 75.4019 87.5 2.5
      vertex 75.1022 88.2235 8.5
      vertex 75.1022 88.2235 2.5
    endloop
  endfacet
  facet normal -0.923872 -0.382701 0
    outer loop
      vertex 75.1022 88.2235 8.5
      vertex 75.4019 87.5 2.5
      vertex 75.4019 87.5 8.5
    endloop
  endfacet
  facet normal -0.99145 -0.130491 0
    outer loop
      vertex 75.1022 88.2235 2.5
      vertex 75 89 8.5
      vertex 75 89 2.5
    endloop
  endfacet
  facet normal -0.99145 -0.130491 0
    outer loop
      vertex 75 89 8.5
      vertex 75.1022 88.2235 2.5
      vertex 75.1022 88.2235 8.5
    endloop
  endfacet
  facet normal 0.923872 -0.382701 0
    outer loop
      vertex 80.5981 87.5 8.5
      vertex 80.8978 88.2235 2.5
      vertex 80.8978 88.2235 8.5
    endloop
  endfacet
  facet normal 0.923872 -0.382701 0
    outer loop
      vertex 80.8978 88.2235 2.5
      vertex 80.5981 87.5 8.5
      vertex 80.5981 87.5 2.5
    endloop
  endfacet
  facet normal -0.382701 -0.923872 0
    outer loop
      vertex 76.5 86.4019 2.5
      vertex 77.2235 86.1022 8.5
      vertex 76.5 86.4019 8.5
    endloop
  endfacet
  facet normal -0.382701 -0.923872 -0
    outer loop
      vertex 77.2235 86.1022 8.5
      vertex 76.5 86.4019 2.5
      vertex 77.2235 86.1022 2.5
    endloop
  endfacet
  facet normal 0 0 1
    outer loop
      vertex 79.3 89 8.5
      vertex 81 89 8.5
      vertex 80.8978 89.7765 8.5
    endloop
  endfacet
  facet normal 0 0 1
    outer loop
      vertex 79.201 89.4975 8.5
      vertex 80.8978 89.7765 8.5
      vertex 80.5981 90.5 8.5
    endloop
  endfacet
  facet normal 0 0 1
    outer loop
      vertex 81 89 8.5
      vertex 79.3 89 8.5
      vertex 80.8978 88.2235 8.5
    endloop
  endfacet
  facet normal 0 0 1
    outer loop
      vertex 78.9192 89.9192 8.5
      vertex 80.5981 90.5 8.5
      vertex 80.1213 91.1213 8.5
    endloop
  endfacet
  facet normal -0 0 1
    outer loop
      vertex 79.201 88.5025 8.5
      vertex 80.8978 88.2235 8.5
      vertex 79.3 89 8.5
    endloop
  endfacet
  facet normal 0 0 1
    outer loop
      vertex 78.9192 89.9192 8.5
      vertex 80.1213 91.1213 8.5
      vertex 79.5 91.5981 8.5
    endloop
  endfacet
  facet normal 0 0 1
    outer loop
      vertex 80.8978 88.2235 8.5
      vertex 79.201 88.5025 8.5
      vertex 80.5981 87.5 8.5
    endloop
  endfacet
  facet normal -0 0 1
    outer loop
      vertex 78.9192 88.0808 8.5
      vertex 80.5981 87.5 8.5
      vertex 79.201 88.5025 8.5
    endloop
  endfacet
  facet normal 0 0 1
    outer loop
      vertex 80.8978 89.7765 8.5
      vertex 79.201 89.4975 8.5
      vertex 79.3 89 8.5
    endloop
  endfacet
  facet normal 0 0 1
    outer loop
      vertex 80.5981 90.5 8.5
      vertex 78.9192 89.9192 8.5
      vertex 79.201 89.4975 8.5
    endloop
  endfacet
  facet normal 0 0 1
    outer loop
      vertex 78.4975 90.201 8.5
      vertex 79.5 91.5981 8.5
      vertex 78.7765 91.8978 8.5
    endloop
  endfacet
  facet normal 0 0 1
    outer loop
      vertex 79.5 91.5981 8.5
      vertex 78.4975 90.201 8.5
      vertex 78.9192 89.9192 8.5
    endloop
  endfacet
  facet normal 0 0 1
    outer loop
      vertex 78 90.3 8.5
      vertex 78.7765 91.8978 8.5
      vertex 78 92 8.5
    endloop
  endfacet
  facet normal 0 0 1
    outer loop
      vertex 78.7765 91.8978 8.5
      vertex 78 90.3 8.5
      vertex 78.4975 90.201 8.5
    endloop
  endfacet
  facet normal -0 0 1
    outer loop
      vertex 77.2235 91.8978 8.5
      vertex 78 90.3 8.5
      vertex 78 92 8.5
    endloop
  endfacet
  facet normal 0 0 1
    outer loop
      vertex 78 90.3 8.5
      vertex 77.2235 91.8978 8.5
      vertex 77.5025 90.201 8.5
    endloop
  endfacet
  facet normal -0 0 1
    outer loop
      vertex 76.5 91.5981 8.5
      vertex 77.5025 90.201 8.5
      vertex 77.2235 91.8978 8.5
    endloop
  endfacet
  facet normal 0 0 1
    outer loop
      vertex 77.5025 90.201 8.5
      vertex 76.5 91.5981 8.5
      vertex 77.0808 89.9192 8.5
    endloop
  endfacet
  facet normal -0 0 1
    outer loop
      vertex 75.8787 91.1213 8.5
      vertex 77.0808 89.9192 8.5
      vertex 76.5 91.5981 8.5
    endloop
  endfacet
  facet normal -0 0 1
    outer loop
      vertex 75.4019 90.5 8.5
      vertex 77.0808 89.9192 8.5
      vertex 75.8787 91.1213 8.5
    endloop
  endfacet
  facet normal 0 0 1
    outer loop
      vertex 80.5981 87.5 8.5
      vertex 78.9192 88.0808 8.5
      vertex 80.1213 86.8787 8.5
    endloop
  endfacet
  facet normal 0 0 1
    outer loop
      vertex 80.1213 86.8787 8.5
      vertex 78.9192 88.0808 8.5
      vertex 79.5 86.4019 8.5
    endloop
  endfacet
  facet normal -0 0 1
    outer loop
      vertex 78.4975 87.799 8.5
      vertex 79.5 86.4019 8.5
      vertex 78.9192 88.0808 8.5
    endloop
  endfacet
  facet normal 0 0 1
    outer loop
      vertex 79.5 86.4019 8.5
      vertex 78.4975 87.799 8.5
      vertex 78.7765 86.1022 8.5
    endloop
  endfacet
  facet normal -0 0 1
    outer loop
      vertex 78 87.7 8.5
      vertex 78.7765 86.1022 8.5
      vertex 78.4975 87.799 8.5
    endloop
  endfacet
  facet normal 0 0 1
    outer loop
      vertex 78 87.7 8.5
      vertex 78 86 8.5
      vertex 78.7765 86.1022 8.5
    endloop
  endfacet
  facet normal 0 0 1
    outer loop
      vertex 77.2235 86.1022 8.5
      vertex 78 87.7 8.5
      vertex 77.5025 87.799 8.5
    endloop
  endfacet
  facet normal 0 0 1
    outer loop
      vertex 78 87.7 8.5
      vertex 77.2235 86.1022 8.5
      vertex 78 86 8.5
    endloop
  endfacet
  facet normal 0 0 1
    outer loop
      vertex 76.5 86.4019 8.5
      vertex 77.5025 87.799 8.5
      vertex 77.0808 88.0808 8.5
    endloop
  endfacet
  facet normal 0 0 1
    outer loop
      vertex 75.4019 87.5 8.5
      vertex 77.0808 88.0808 8.5
      vertex 76.799 88.5025 8.5
    endloop
  endfacet
  facet normal 0 0 1
    outer loop
      vertex 75.1022 88.2235 8.5
      vertex 76.799 88.5025 8.5
      vertex 76.7 89 8.5
    endloop
  endfacet
  facet normal 0 0 1
    outer loop
      vertex 77.5025 87.799 8.5
      vertex 76.5 86.4019 8.5
      vertex 77.2235 86.1022 8.5
    endloop
  endfacet
  facet normal 0 0 1
    outer loop
      vertex 77.0808 89.9192 8.5
      vertex 75.4019 90.5 8.5
      vertex 76.799 89.4975 8.5
    endloop
  endfacet
  facet normal -0 0 1
    outer loop
      vertex 75.1022 89.7765 8.5
      vertex 76.799 89.4975 8.5
      vertex 75.4019 90.5 8.5
    endloop
  endfacet
  facet normal 0 0 1
    outer loop
      vertex 77.0808 88.0808 8.5
      vertex 75.8787 86.8787 8.5
      vertex 76.5 86.4019 8.5
    endloop
  endfacet
  facet normal 0 0 1
    outer loop
      vertex 76.799 89.4975 8.5
      vertex 75.1022 89.7765 8.5
      vertex 76.7 89 8.5
    endloop
  endfacet
  facet normal 0 0 1
    outer loop
      vertex 77.0808 88.0808 8.5
      vertex 75.4019 87.5 8.5
      vertex 75.8787 86.8787 8.5
    endloop
  endfacet
  facet normal 0 0 1
    outer loop
      vertex 75 89 8.5
      vertex 76.7 89 8.5
      vertex 75.1022 89.7765 8.5
    endloop
  endfacet
  facet normal 0 0 1
    outer loop
      vertex 76.799 88.5025 8.5
      vertex 75.1022 88.2235 8.5
      vertex 75.4019 87.5 8.5
    endloop
  endfacet
  facet normal 0 0 1
    outer loop
      vertex 76.7 89 8.5
      vertex 75 89 8.5
      vertex 75.1022 88.2235 8.5
    endloop
  endfacet
  facet normal 0.130491 -0.99145 0
    outer loop
      vertex 78 86 2.5
      vertex 78.7765 86.1022 8.5
      vertex 78 86 8.5
    endloop
  endfacet
  facet normal 0.130491 -0.99145 0
    outer loop
      vertex 78.7765 86.1022 8.5
      vertex 78 86 2.5
      vertex 78.7765 86.1022 2.5
    endloop
  endfacet
  facet normal -0.923872 0.382701 0
    outer loop
      vertex 75.1022 89.7765 2.5
      vertex 75.4019 90.5 8.5
      vertex 75.4019 90.5 2.5
    endloop
  endfacet
  facet normal -0.923872 0.382701 0
    outer loop
      vertex 75.4019 90.5 8.5
      vertex 75.1022 89.7765 2.5
      vertex 75.1022 89.7765 8.5
    endloop
  endfacet
  facet normal -0.99145 0.130491 0
    outer loop
      vertex 75 89 2.5
      vertex 75.1022 89.7765 8.5
      vertex 75.1022 89.7765 2.5
    endloop
  endfacet
  facet normal -0.99145 0.130491 0
    outer loop
      vertex 75.1022 89.7765 8.5
      vertex 75 89 2.5
      vertex 75 89 8.5
    endloop
  endfacet
  facet normal 0.195168 0.98077 -0
    outer loop
      vertex 78 87.7 2.5
      vertex 77.5025 87.799 8.5
      vertex 78 87.7 8.5
    endloop
  endfacet
  facet normal 0.195168 0.98077 0
    outer loop
      vertex 77.5025 87.799 8.5
      vertex 78 87.7 2.5
      vertex 77.5025 87.799 2.5
    endloop
  endfacet
  facet normal -0.831443 -0.55561 0
    outer loop
      vertex 79.201 89.4975 2.5
      vertex 78.9192 89.9192 8.5
      vertex 78.9192 89.9192 2.5
    endloop
  endfacet
  facet normal -0.831443 -0.55561 0
    outer loop
      vertex 78.9192 89.9192 8.5
      vertex 79.201 89.4975 2.5
      vertex 79.201 89.4975 8.5
    endloop
  endfacet
  facet normal -0.98077 -0.195168 0
    outer loop
      vertex 79.3 89 2.5
      vertex 79.201 89.4975 8.5
      vertex 79.201 89.4975 2.5
    endloop
  endfacet
  facet normal -0.98077 -0.195168 0
    outer loop
      vertex 79.201 89.4975 8.5
      vertex 79.3 89 2.5
      vertex 79.3 89 8.5
    endloop
  endfacet
  facet normal -0.55561 -0.831443 0
    outer loop
      vertex 78.4975 90.201 2.5
      vertex 78.9192 89.9192 8.5
      vertex 78.4975 90.201 8.5
    endloop
  endfacet
  facet normal -0.55561 -0.831443 -0
    outer loop
      vertex 78.9192 89.9192 8.5
      vertex 78.4975 90.201 2.5
      vertex 78.9192 89.9192 2.5
    endloop
  endfacet
  facet normal -0.831443 0.55561 0
    outer loop
      vertex 78.9192 88.0808 2.5
      vertex 79.201 88.5025 8.5
      vertex 79.201 88.5025 2.5
    endloop
  endfacet
  facet normal -0.831443 0.55561 0
    outer loop
      vertex 79.201 88.5025 8.5
      vertex 78.9192 88.0808 2.5
      vertex 78.9192 88.0808 8.5
    endloop
  endfacet
  facet normal -0.55561 0.831443 0
    outer loop
      vertex 78.9192 88.0808 2.5
      vertex 78.4975 87.799 8.5
      vertex 78.9192 88.0808 8.5
    endloop
  endfacet
  facet normal -0.55561 0.831443 0
    outer loop
      vertex 78.4975 87.799 8.5
      vertex 78.9192 88.0808 2.5
      vertex 78.4975 87.799 2.5
    endloop
  endfacet
  facet normal 0.98077 -0.195168 0
    outer loop
      vertex 76.7 89 8.5
      vertex 76.799 89.4975 2.5
      vertex 76.799 89.4975 8.5
    endloop
  endfacet
  facet normal 0.98077 -0.195168 0
    outer loop
      vertex 76.799 89.4975 2.5
      vertex 76.7 89 8.5
      vertex 76.7 89 2.5
    endloop
  endfacet
  facet normal -0.195168 0.98077 0
    outer loop
      vertex 78.4975 87.799 2.5
      vertex 78 87.7 8.5
      vertex 78.4975 87.799 8.5
    endloop
  endfacet
  facet normal -0.195168 0.98077 0
    outer loop
      vertex 78 87.7 8.5
      vertex 78.4975 87.799 2.5
      vertex 78 87.7 2.5
    endloop
  endfacet
  facet normal 0.55561 -0.831443 0
    outer loop
      vertex 77.0808 89.9192 2.5
      vertex 77.5025 90.201 8.5
      vertex 77.0808 89.9192 8.5
    endloop
  endfacet
  facet normal 0.55561 -0.831443 0
    outer loop
      vertex 77.5025 90.201 8.5
      vertex 77.0808 89.9192 2.5
      vertex 77.5025 90.201 2.5
    endloop
  endfacet
  facet normal -0.98077 0.195168 0
    outer loop
      vertex 79.201 88.5025 2.5
      vertex 79.3 89 8.5
      vertex 79.3 89 2.5
    endloop
  endfacet
  facet normal -0.98077 0.195168 0
    outer loop
      vertex 79.3 89 8.5
      vertex 79.201 88.5025 2.5
      vertex 79.201 88.5025 8.5
    endloop
  endfacet
  facet normal 0.98077 0.195168 0
    outer loop
      vertex 76.799 88.5025 8.5
      vertex 76.7 89 2.5
      vertex 76.7 89 8.5
    endloop
  endfacet
  facet normal 0.98077 0.195168 0
    outer loop
      vertex 76.7 89 2.5
      vertex 76.799 88.5025 8.5
      vertex 76.799 88.5025 2.5
    endloop
  endfacet
  facet normal 0.195168 -0.98077 0
    outer loop
      vertex 77.5025 90.201 2.5
      vertex 78 90.3 8.5
      vertex 77.5025 90.201 8.5
    endloop
  endfacet
  facet normal 0.195168 -0.98077 0
    outer loop
      vertex 78 90.3 8.5
      vertex 77.5025 90.201 2.5
      vertex 78 90.3 2.5
    endloop
  endfacet
  facet normal 0.831443 0.55561 0
    outer loop
      vertex 77.0808 88.0808 8.5
      vertex 76.799 88.5025 2.5
      vertex 76.799 88.5025 8.5
    endloop
  endfacet
  facet normal 0.831443 0.55561 0
    outer loop
      vertex 76.799 88.5025 2.5
      vertex 77.0808 88.0808 8.5
      vertex 77.0808 88.0808 2.5
    endloop
  endfacet
  facet normal 0.831443 -0.55561 0
    outer loop
      vertex 76.799 89.4975 8.5
      vertex 77.0808 89.9192 2.5
      vertex 77.0808 89.9192 8.5
    endloop
  endfacet
  facet normal 0.831443 -0.55561 0
    outer loop
      vertex 77.0808 89.9192 2.5
      vertex 76.799 89.4975 8.5
      vertex 76.799 89.4975 2.5
    endloop
  endfacet
  facet normal -0.195168 -0.98077 0
    outer loop
      vertex 78 90.3 2.5
      vertex 78.4975 90.201 8.5
      vertex 78 90.3 8.5
    endloop
  endfacet
  facet normal -0.195168 -0.98077 -0
    outer loop
      vertex 78.4975 90.201 8.5
      vertex 78 90.3 2.5
      vertex 78.4975 90.201 2.5
    endloop
  endfacet
  facet normal 0.55561 0.831443 -0
    outer loop
      vertex 77.5025 87.799 2.5
      vertex 77.0808 88.0808 8.5
      vertex 77.5025 87.799 8.5
    endloop
  endfacet
  facet normal 0.55561 0.831443 0
    outer loop
      vertex 77.0808 88.0808 8.5
      vertex 77.5025 87.799 2.5
      vertex 77.0808 88.0808 2.5
    endloop
  endfacet
  facet normal 1 -0 0
    outer loop
      vertex 50 4.5 6
      vertex 50 36.5 2.5
      vertex 50 36.5 6
    endloop
  endfacet
  facet normal 1 0 0
    outer loop
      vertex 50 36.5 2.5
      vertex 50 4.5 6
      vertex 50 4.5 2.5
    endloop
  endfacet
  facet normal 0 0 -1
    outer loop
      vertex 44 4.5 6
      vertex 46 36.5 6
      vertex 46 4.5 6
    endloop
  endfacet
  facet normal -0 0 -1
    outer loop
      vertex 46 36.5 6
      vertex 44 4.5 6
      vertex 44 36.5 6
    endloop
  endfacet
  facet normal 0 0 -1
    outer loop
      vertex 50 4.5 6
      vertex 120 36.5 6
      vertex 120 4.5 6
    endloop
  endfacet
  facet normal -0 0 -1
    outer loop
      vertex 120 36.5 6
      vertex 50 4.5 6
      vertex 50 36.5 6
    endloop
  endfacet
  facet normal 0 0 -1
    outer loop
      vertex 124 4.5 6
      vertex 126 36.5 6
      vertex 126 4.5 6
    endloop
  endfacet
  facet normal -0 0 -1
    outer loop
      vertex 126 36.5 6
      vertex 124 4.5 6
      vertex 124 36.5 6
    endloop
  endfacet
  facet normal -1 0 0
    outer loop
      vertex 46 4.5 2.5
      vertex 46 36.5 6
      vertex 46 36.5 2.5
    endloop
  endfacet
  facet normal -1 -0 0
    outer loop
      vertex 46 36.5 6
      vertex 46 4.5 2.5
      vertex 46 4.5 6
    endloop
  endfacet
  facet normal 0 1 -0
    outer loop
      vertex 50 36.5 2.5
      vertex 46 36.5 6
      vertex 50 36.5 6
    endloop
  endfacet
  facet normal 0 1 0
    outer loop
      vertex 46 36.5 6
      vertex 50 36.5 2.5
      vertex 46 36.5 2.5
    endloop
  endfacet
  facet normal 0 1 -0
    outer loop
      vertex 124 36.5 2.5
      vertex 120 36.5 6
      vertex 124 36.5 6
    endloop
  endfacet
  facet normal 0 1 0
    outer loop
      vertex 120 36.5 6
      vertex 124 36.5 2.5
      vertex 120 36.5 2.5
    endloop
  endfacet
  facet normal 0 1 0
    outer loop
      vertex 44 36.5 8
      vertex 47 36.5 55
      vertex 47 36.5 8
    endloop
  endfacet
  facet normal 0 1 0
    outer loop
      vertex 47 36.5 55
      vertex 44 36.5 8
      vertex 43 36.5 55
    endloop
  endfacet
  facet normal 0 1 0
    outer loop
      vertex 43 36.5 55
      vertex 44 36.5 8
      vertex 43 36.5 8
    endloop
  endfacet
  facet normal 0 1 0
    outer loop
      vertex 126 36.5 8
      vertex 127 36.5 55
      vertex 127 36.5 8
    endloop
  endfacet
  facet normal 0 1 0
    outer loop
      vertex 127 36.5 55
      vertex 126 36.5 8
      vertex 123 36.5 55
    endloop
  endfacet
  facet normal 0 1 0
    outer loop
      vertex 126 36.5 8
      vertex 123 36.5 8
      vertex 123 36.5 55
    endloop
  endfacet
  facet normal 0 1 -0
    outer loop
      vertex 124 36.5 6
      vertex 123 36.5 8
      vertex 126 36.5 8
    endloop
  endfacet
  facet normal 0 1 0
    outer loop
      vertex 123 36.5 8
      vertex 120 36.5 6
      vertex 47 36.5 8
    endloop
  endfacet
  facet normal 0 1 0
    outer loop
      vertex 124 36.5 6
      vertex 126 36.5 8
      vertex 126 36.5 6
    endloop
  endfacet
  facet normal 0 1 0
    outer loop
      vertex 123 36.5 8
      vertex 124 36.5 6
      vertex 120 36.5 6
    endloop
  endfacet
  facet normal 0 1 -0
    outer loop
      vertex 50 36.5 6
      vertex 47 36.5 8
      vertex 120 36.5 6
    endloop
  endfacet
  facet normal 0 1 0
    outer loop
      vertex 46 36.5 6
      vertex 47 36.5 8
      vertex 50 36.5 6
    endloop
  endfacet
  facet normal 0 1 0
    outer loop
      vertex 47 36.5 8
      vertex 46 36.5 6
      vertex 44 36.5 8
    endloop
  endfacet
  facet normal 0 1 0
    outer loop
      vertex 44 36.5 8
      vertex 46 36.5 6
      vertex 44 36.5 6
    endloop
  endfacet
  facet normal 0 -1 0
    outer loop
      vertex 120 4.5 2.5
      vertex 124 4.5 6
      vertex 120 4.5 6
    endloop
  endfacet
  facet normal 0 -1 -0
    outer loop
      vertex 124 4.5 6
      vertex 120 4.5 2.5
      vertex 124 4.5 2.5
    endloop
  endfacet
  facet normal 0 -1 0
    outer loop
      vertex 46 4.5 2.5
      vertex 50 4.5 6
      vertex 46 4.5 6
    endloop
  endfacet
  facet normal 0 -1 -0
    outer loop
      vertex 50 4.5 6
      vertex 46 4.5 2.5
      vertex 50 4.5 2.5
    endloop
  endfacet
  facet normal 0 -1 0
    outer loop
      vertex 126 4.5 8
      vertex 123 4.5 55
      vertex 123 4.5 8
    endloop
  endfacet
  facet normal 0 -1 0
    outer loop
      vertex 123 4.5 55
      vertex 126 4.5 8
      vertex 127 4.5 55
    endloop
  endfacet
  facet normal 0 -1 -0
    outer loop
      vertex 127 4.5 55
      vertex 126 4.5 8
      vertex 127 4.5 8
    endloop
  endfacet
  facet normal 0 -1 0
    outer loop
      vertex 44 4.5 8
      vertex 43 4.5 55
      vertex 43 4.5 8
    endloop
  endfacet
  facet normal 0 -1 0
    outer loop
      vertex 43 4.5 55
      vertex 44 4.5 8
      vertex 47 4.5 55
    endloop
  endfacet
  facet normal 0 -1 0
    outer loop
      vertex 44 4.5 8
      vertex 47 4.5 8
      vertex 47 4.5 55
    endloop
  endfacet
  facet normal 0 -1 0
    outer loop
      vertex 46 4.5 6
      vertex 47 4.5 8
      vertex 44 4.5 8
    endloop
  endfacet
  facet normal 0 -1 0
    outer loop
      vertex 47 4.5 8
      vertex 50 4.5 6
      vertex 123 4.5 8
    endloop
  endfacet
  facet normal 0 -1 0
    outer loop
      vertex 46 4.5 6
      vertex 44 4.5 8
      vertex 44 4.5 6
    endloop
  endfacet
  facet normal 0 -1 -0
    outer loop
      vertex 47 4.5 8
      vertex 46 4.5 6
      vertex 50 4.5 6
    endloop
  endfacet
  facet normal 0 -1 0
    outer loop
      vertex 120 4.5 6
      vertex 123 4.5 8
      vertex 50 4.5 6
    endloop
  endfacet
  facet normal 0 -1 0
    outer loop
      vertex 124 4.5 6
      vertex 123 4.5 8
      vertex 120 4.5 6
    endloop
  endfacet
  facet normal 0 -1 0
    outer loop
      vertex 123 4.5 8
      vertex 124 4.5 6
      vertex 126 4.5 8
    endloop
  endfacet
  facet normal 0 -1 -0
    outer loop
      vertex 126 4.5 8
      vertex 124 4.5 6
      vertex 126 4.5 6
    endloop
  endfacet
  facet normal 1 -0 0
    outer loop
      vertex 124 4.5 6
      vertex 124 36.5 2.5
      vertex 124 36.5 6
    endloop
  endfacet
  facet normal 1 0 0
    outer loop
      vertex 124 36.5 2.5
      vertex 124 4.5 6
      vertex 124 4.5 2.5
    endloop
  endfacet
  facet normal -1 0 0
    outer loop
      vertex 120 4.5 2.5
      vertex 120 36.5 6
      vertex 120 36.5 2.5
    endloop
  endfacet
  facet normal -1 -0 0
    outer loop
      vertex 120 36.5 6
      vertex 120 4.5 2.5
      vertex 120 4.5 6
    endloop
  endfacet
  facet normal 1 -0 0
    outer loop
      vertex 47 4.5 55
      vertex 47 36.5 8
      vertex 47 36.5 55
    endloop
  endfacet
  facet normal 1 0 0
    outer loop
      vertex 47 36.5 8
      vertex 47 4.5 55
      vertex 47 4.5 8
    endloop
  endfacet
  facet normal -0 0 1
    outer loop
      vertex 43 36.5 55
      vertex 47 4.5 55
      vertex 47 36.5 55
    endloop
  endfacet
  facet normal 0 0 1
    outer loop
      vertex 47 4.5 55
      vertex 43 36.5 55
      vertex 43 4.5 55
    endloop
  endfacet
  facet normal 0 0 -1
    outer loop
      vertex 43 4.5 8
      vertex 44 36.5 8
      vertex 44 4.5 8
    endloop
  endfacet
  facet normal -0 0 -1
    outer loop
      vertex 44 36.5 8
      vertex 43 4.5 8
      vertex 43 36.5 8
    endloop
  endfacet
  facet normal 0 0 -1
    outer loop
      vertex 126 4.5 8
      vertex 127 36.5 8
      vertex 127 4.5 8
    endloop
  endfacet
  facet normal -0 0 -1
    outer loop
      vertex 127 36.5 8
      vertex 126 4.5 8
      vertex 126 36.5 8
    endloop
  endfacet
  facet normal -0 0 1
    outer loop
      vertex 47 36.5 8
      vertex 123 4.5 8
      vertex 123 36.5 8
    endloop
  endfacet
  facet normal 0 0 1
    outer loop
      vertex 123 4.5 8
      vertex 47 36.5 8
      vertex 47 4.5 8
    endloop
  endfacet
  facet normal -1 0 0
    outer loop
      vertex 43 4.5 8
      vertex 43 36.5 55
      vertex 43 36.5 8
    endloop
  endfacet
  facet normal -1 -0 0
    outer loop
      vertex 43 36.5 55
      vertex 43 4.5 8
      vertex 43 4.5 55
    endloop
  endfacet
  facet normal 1 -0 0
    outer loop
      vertex 127 4.5 55
      vertex 127 36.5 8
      vertex 127 36.5 55
    endloop
  endfacet
  facet normal 1 0 0
    outer loop
      vertex 127 36.5 8
      vertex 127 4.5 55
      vertex 127 4.5 8
    endloop
  endfacet
  facet normal -0 0 1
    outer loop
      vertex 123 36.5 55
      vertex 127 4.5 55
      vertex 127 36.5 55
    endloop
  endfacet
  facet normal 0 0 1
    outer loop
      vertex 127 4.5 55
      vertex 123 36.5 55
      vertex 123 4.5 55
    endloop
  endfacet
  facet normal -1 0 0
    outer loop
      vertex 123 4.5 8
      vertex 123 36.5 55
      vertex 123 36.5 8
    endloop
  endfacet
  facet normal -1 -0 0
    outer loop
      vertex 123 36.5 55
      vertex 123 4.5 8
      vertex 123 4.5 55
    endloop
  endfacet
  facet normal 0.923877 0 -0.38269
    outer loop
      vertex 15.8637 2.5 10.9647
      vertex 15.4641 12.5 10
      vertex 15.8637 12.5 10.9647
    endloop
  endfacet
  facet normal 0.923877 0 -0.38269
    outer loop
      vertex 15.4641 12.5 10
      vertex 15.8637 2.5 10.9647
      vertex 15.4641 2.5 10
    endloop
  endfacet
  facet normal 0.991445 0 -0.130526
    outer loop
      vertex 16 2.5 12
      vertex 15.8637 12.5 10.9647
      vertex 16 12.5 12
    endloop
  endfacet
  facet normal 0.991445 0 -0.130526
    outer loop
      vertex 15.8637 12.5 10.9647
      vertex 16 2.5 12
      vertex 15.8637 2.5 10.9647
    endloop
  endfacet
  facet normal -0.38269 0 -0.923877
    outer loop
      vertex 10 2.5 8.5359
      vertex 10.9647 12.5 8.1363
      vertex 10.9647 2.5 8.1363
    endloop
  endfacet
  facet normal -0.38269 0 -0.923877
    outer loop
      vertex 10.9647 12.5 8.1363
      vertex 10 2.5 8.5359
      vertex 10 12.5 8.5359
    endloop
  endfacet
  facet normal 0.608789 0 0.793332
    outer loop
      vertex 14 12.5 15.4641
      vertex 14.8284 2.5 14.8284
      vertex 14.8284 12.5 14.8284
    endloop
  endfacet
  facet normal 0.608789 0 0.793332
    outer loop
      vertex 14.8284 2.5 14.8284
      vertex 14 12.5 15.4641
      vertex 14 2.5 15.4641
    endloop
  endfacet
  facet normal 0.608771 0 -0.793346
    outer loop
      vertex 14 2.5 8.5359
      vertex 14.8284 12.5 9.17157
      vertex 14.8284 2.5 9.17157
    endloop
  endfacet
  facet normal 0.608771 0 -0.793346
    outer loop
      vertex 14.8284 12.5 9.17157
      vertex 14 2.5 8.5359
      vertex 14 12.5 8.5359
    endloop
  endfacet
  facet normal -0.130526 0 0.991445
    outer loop
      vertex 10.9647 12.5 15.8637
      vertex 12 2.5 16
      vertex 12 12.5 16
    endloop
  endfacet
  facet normal -0.130526 0 0.991445
    outer loop
      vertex 12 2.5 16
      vertex 10.9647 12.5 15.8637
      vertex 10.9647 2.5 15.8637
    endloop
  endfacet
  facet normal 0.130526 0 -0.991445
    outer loop
      vertex 12 2.5 8
      vertex 13.0353 12.5 8.1363
      vertex 13.0353 2.5 8.1363
    endloop
  endfacet
  facet normal 0.130526 0 -0.991445
    outer loop
      vertex 13.0353 12.5 8.1363
      vertex 12 2.5 8
      vertex 12 12.5 8
    endloop
  endfacet
  facet normal 0.38269 0 -0.923877
    outer loop
      vertex 13.0353 2.5 8.1363
      vertex 14 12.5 8.5359
      vertex 14 2.5 8.5359
    endloop
  endfacet
  facet normal 0.38269 0 -0.923877
    outer loop
      vertex 14 12.5 8.5359
      vertex 13.0353 2.5 8.1363
      vertex 13.0353 12.5 8.1363
    endloop
  endfacet
  facet normal 0.793343 0 -0.608775
    outer loop
      vertex 15.4641 2.5 10
      vertex 14.8284 12.5 9.17157
      vertex 15.4641 12.5 10
    endloop
  endfacet
  facet normal 0.793343 0 -0.608775
    outer loop
      vertex 14.8284 12.5 9.17157
      vertex 15.4641 2.5 10
      vertex 14.8284 2.5 9.17157
    endloop
  endfacet
  facet normal 0.793332 -0 0.608789
    outer loop
      vertex 14.8284 2.5 14.8284
      vertex 15.4641 12.5 14
      vertex 14.8284 12.5 14.8284
    endloop
  endfacet
  facet normal 0.793332 0 0.608789
    outer loop
      vertex 15.4641 12.5 14
      vertex 14.8284 2.5 14.8284
      vertex 15.4641 2.5 14
    endloop
  endfacet
  facet normal 0.38269 0 0.923877
    outer loop
      vertex 13.0353 12.5 15.8637
      vertex 14 2.5 15.4641
      vertex 14 12.5 15.4641
    endloop
  endfacet
  facet normal 0.38269 0 0.923877
    outer loop
      vertex 14 2.5 15.4641
      vertex 13.0353 12.5 15.8637
      vertex 13.0353 2.5 15.8637
    endloop
  endfacet
  facet normal 0.991445 -0 0.130526
    outer loop
      vertex 15.8637 2.5 13.0353
      vertex 16 12.5 12
      vertex 15.8637 12.5 13.0353
    endloop
  endfacet
  facet normal 0.991445 0 0.130526
    outer loop
      vertex 16 12.5 12
      vertex 15.8637 2.5 13.0353
      vertex 16 2.5 12
    endloop
  endfacet
  facet normal -0.130526 0 -0.991445
    outer loop
      vertex 10.9647 2.5 8.1363
      vertex 12 12.5 8
      vertex 12 2.5 8
    endloop
  endfacet
  facet normal -0.130526 0 -0.991445
    outer loop
      vertex 12 12.5 8
      vertex 10.9647 2.5 8.1363
      vertex 10.9647 12.5 8.1363
    endloop
  endfacet
  facet normal 0.923877 -0 0.38269
    outer loop
      vertex 15.4641 2.5 14
      vertex 15.8637 12.5 13.0353
      vertex 15.4641 12.5 14
    endloop
  endfacet
  facet normal 0.923877 0 0.38269
    outer loop
      vertex 15.8637 12.5 13.0353
      vertex 15.4641 2.5 14
      vertex 15.8637 2.5 13.0353
    endloop
  endfacet
  facet normal -0.38269 0 0.923877
    outer loop
      vertex 10 12.5 15.4641
      vertex 10.9647 2.5 15.8637
      vertex 10.9647 12.5 15.8637
    endloop
  endfacet
  facet normal -0.38269 0 0.923877
    outer loop
      vertex 10.9647 2.5 15.8637
      vertex 10 12.5 15.4641
      vertex 10 2.5 15.4641
    endloop
  endfacet
  facet normal 0 1 0
    outer loop
      vertex 12 12.5 13.3
      vertex 12 12.5 16
      vertex 13.0353 12.5 15.8637
    endloop
  endfacet
  facet normal 0 1 0
    outer loop
      vertex 12.4975 12.5 13.201
      vertex 13.0353 12.5 15.8637
      vertex 14 12.5 15.4641
    endloop
  endfacet
  facet normal 0 1 0
    outer loop
      vertex 12 12.5 16
      vertex 12 12.5 13.3
      vertex 10.9647 12.5 15.8637
    endloop
  endfacet
  facet normal 0 1 0
    outer loop
      vertex 12.9192 12.5 12.9192
      vertex 14 12.5 15.4641
      vertex 14.8284 12.5 14.8284
    endloop
  endfacet
  facet normal 0 1 -0
    outer loop
      vertex 10 12.5 15.4641
      vertex 2.5 12.5 16
      vertex 10 12.5 16
    endloop
  endfacet
  facet normal 0 1 -0
    outer loop
      vertex 11.5025 12.5 13.201
      vertex 10.9647 12.5 15.8637
      vertex 12 12.5 13.3
    endloop
  endfacet
  facet normal 0 1 0
    outer loop
      vertex 12.9192 12.5 12.9192
      vertex 14.8284 12.5 14.8284
      vertex 15.4641 12.5 14
    endloop
  endfacet
  facet normal 0 1 0
    outer loop
      vertex 10.9647 12.5 15.8637
      vertex 11.5025 12.5 13.201
      vertex 10 12.5 15.4641
    endloop
  endfacet
  facet normal 0 1 -0
    outer loop
      vertex 11.0808 12.5 12.9192
      vertex 10 12.5 15.4641
      vertex 11.5025 12.5 13.201
    endloop
  endfacet
  facet normal 0 1 -0
    outer loop
      vertex 10.799 12.5 12.4975
      vertex 10 12.5 15.4641
      vertex 11.0808 12.5 12.9192
    endloop
  endfacet
  facet normal 0 1 -0
    outer loop
      vertex 10.7 12.5 12
      vertex 10 12.5 15.4641
      vertex 10.799 12.5 12.4975
    endloop
  endfacet
  facet normal 0 1 0
    outer loop
      vertex 10 12.5 15.4641
      vertex 10.7 12.5 12
      vertex 2.5 12.5 16
    endloop
  endfacet
  facet normal 0 1 0
    outer loop
      vertex 10 12.5 8.5359
      vertex 10.7 12.5 12
      vertex 10.799 12.5 11.5025
    endloop
  endfacet
  facet normal 0 1 0
    outer loop
      vertex 10 12.5 8.5359
      vertex 10.799 12.5 11.5025
      vertex 11.0808 12.5 11.0808
    endloop
  endfacet
  facet normal 0 1 0
    outer loop
      vertex 10 12.5 8.5359
      vertex 11.0808 12.5 11.0808
      vertex 11.5025 12.5 10.799
    endloop
  endfacet
  facet normal 0 1 0
    outer loop
      vertex 12.9192 12.5 11.0808
      vertex 14 12.5 8.5359
      vertex 12.4975 12.5 10.799
    endloop
  endfacet
  facet normal 0 1 -0
    outer loop
      vertex 13.0353 12.5 8.1363
      vertex 12.4975 12.5 10.799
      vertex 14 12.5 8.5359
    endloop
  endfacet
  facet normal 0 1 0
    outer loop
      vertex 12.4975 12.5 10.799
      vertex 13.0353 12.5 8.1363
      vertex 12 12.5 10.7
    endloop
  endfacet
  facet normal 0 1 0
    outer loop
      vertex 12 12.5 8
      vertex 12 12.5 10.7
      vertex 13.0353 12.5 8.1363
    endloop
  endfacet
  facet normal 0 1 0
    outer loop
      vertex 10.7 12.5 12
      vertex 10 12.5 8.5359
      vertex 2.5 12.5 8
    endloop
  endfacet
  facet normal 0 1 0
    outer loop
      vertex 2.5 12.5 8
      vertex 10 12.5 8.5359
      vertex 10 12.5 8
    endloop
  endfacet
  facet normal 0 1 0
    outer loop
      vertex 10.7 12.5 12
      vertex 2.5 12.5 8
      vertex 2.5 12.5 16
    endloop
  endfacet
  facet normal -0 1 0
    outer loop
      vertex 10.9647 12.5 8.1363
      vertex 12 12.5 10.7
      vertex 12 12.5 8
    endloop
  endfacet
  facet normal 0 1 0
    outer loop
      vertex 11.5025 12.5 10.799
      vertex 10.9647 12.5 8.1363
      vertex 10 12.5 8.5359
    endloop
  endfacet
  facet normal 0 1 0
    outer loop
      vertex 12 12.5 10.7
      vertex 10.9647 12.5 8.1363
      vertex 11.5025 12.5 10.799
    endloop
  endfacet
  facet normal 0 1 0
    outer loop
      vertex 13.0353 12.5 15.8637
      vertex 12.4975 12.5 13.201
      vertex 12 12.5 13.3
    endloop
  endfacet
  facet normal 0 1 0
    outer loop
      vertex 13.201 12.5 12.4975
      vertex 15.4641 12.5 14
      vertex 15.8637 12.5 13.0353
    endloop
  endfacet
  facet normal 0 1 0
    outer loop
      vertex 14 12.5 15.4641
      vertex 12.9192 12.5 12.9192
      vertex 12.4975 12.5 13.201
    endloop
  endfacet
  facet normal 0 1 0
    outer loop
      vertex 15.4641 12.5 14
      vertex 13.201 12.5 12.4975
      vertex 12.9192 12.5 12.9192
    endloop
  endfacet
  facet normal 0 1 0
    outer loop
      vertex 13.3 12.5 12
      vertex 15.8637 12.5 13.0353
      vertex 16 12.5 12
    endloop
  endfacet
  facet normal 0 1 0
    outer loop
      vertex 15.8637 12.5 13.0353
      vertex 13.3 12.5 12
      vertex 13.201 12.5 12.4975
    endloop
  endfacet
  facet normal 0 1 -0
    outer loop
      vertex 15.8637 12.5 10.9647
      vertex 13.3 12.5 12
      vertex 16 12.5 12
    endloop
  endfacet
  facet normal 0 1 0
    outer loop
      vertex 13.3 12.5 12
      vertex 15.8637 12.5 10.9647
      vertex 13.201 12.5 11.5025
    endloop
  endfacet
  facet normal 0 1 -0
    outer loop
      vertex 15.4641 12.5 10
      vertex 13.201 12.5 11.5025
      vertex 15.8637 12.5 10.9647
    endloop
  endfacet
  facet normal 0 1 0
    outer loop
      vertex 13.201 12.5 11.5025
      vertex 15.4641 12.5 10
      vertex 12.9192 12.5 11.0808
    endloop
  endfacet
  facet normal 0 1 -0
    outer loop
      vertex 14.8284 12.5 9.17157
      vertex 12.9192 12.5 11.0808
      vertex 15.4641 12.5 10
    endloop
  endfacet
  facet normal 0 1 -0
    outer loop
      vertex 14 12.5 8.5359
      vertex 12.9192 12.5 11.0808
      vertex 14.8284 12.5 9.17157
    endloop
  endfacet
  facet normal 0.130526 0 0.991445
    outer loop
      vertex 12 12.5 16
      vertex 13.0353 2.5 15.8637
      vertex 13.0353 12.5 15.8637
    endloop
  endfacet
  facet normal 0.130526 0 0.991445
    outer loop
      vertex 13.0353 2.5 15.8637
      vertex 12 12.5 16
      vertex 12 2.5 16
    endloop
  endfacet
  facet normal 0 -1 0
    outer loop
      vertex 2.5 2.5 16
      vertex 10 2.5 15.4641
      vertex 10 2.5 16
    endloop
  endfacet
  facet normal 0 -1 0
    outer loop
      vertex 12.4975 2.5 13.201
      vertex 13.0353 2.5 15.8637
      vertex 12 2.5 13.3
    endloop
  endfacet
  facet normal 0 -1 0
    outer loop
      vertex 10.7 2.5 12
      vertex 10 2.5 15.4641
      vertex 2.5 2.5 16
    endloop
  endfacet
  facet normal -0 -1 0
    outer loop
      vertex 12 2.5 13.3
      vertex 10 2.5 15.4641
      vertex 11.5025 2.5 13.201
    endloop
  endfacet
  facet normal 0 -1 0
    outer loop
      vertex 12.9192 2.5 12.9192
      vertex 14 2.5 15.4641
      vertex 12.4975 2.5 13.201
    endloop
  endfacet
  facet normal 0 -1 -0
    outer loop
      vertex 13.0353 2.5 15.8637
      vertex 12.4975 2.5 13.201
      vertex 14 2.5 15.4641
    endloop
  endfacet
  facet normal 0 -1 0
    outer loop
      vertex 10 2.5 15.4641
      vertex 11.0808 2.5 12.9192
      vertex 11.5025 2.5 13.201
    endloop
  endfacet
  facet normal 0 -1 0
    outer loop
      vertex 10 2.5 15.4641
      vertex 10.799 2.5 12.4975
      vertex 11.0808 2.5 12.9192
    endloop
  endfacet
  facet normal 0 -1 0
    outer loop
      vertex 10 2.5 15.4641
      vertex 10.7 2.5 12
      vertex 10.799 2.5 12.4975
    endloop
  endfacet
  facet normal 0 -1 0
    outer loop
      vertex 2.5 2.5 8
      vertex 10.7 2.5 12
      vertex 2.5 2.5 16
    endloop
  endfacet
  facet normal -0 -1 0
    outer loop
      vertex 10 2.5 8.5359
      vertex 10.7 2.5 12
      vertex 2.5 2.5 8
    endloop
  endfacet
  facet normal 0 -1 -0
    outer loop
      vertex 10.7 2.5 12
      vertex 10 2.5 8.5359
      vertex 10.799 2.5 11.5025
    endloop
  endfacet
  facet normal 0 -1 0
    outer loop
      vertex 10.9647 2.5 8.1363
      vertex 12 2.5 10.7
      vertex 11.5025 2.5 10.799
    endloop
  endfacet
  facet normal 0 -1 0
    outer loop
      vertex 12 2.5 10.7
      vertex 14.8284 2.5 9.17157
      vertex 15.4641 2.5 10
    endloop
  endfacet
  facet normal 0 -1 0
    outer loop
      vertex 10.9647 2.5 8.1363
      vertex 11.5025 2.5 10.799
      vertex 10 2.5 8.5359
    endloop
  endfacet
  facet normal 0 -1 -0
    outer loop
      vertex 11.0808 2.5 11.0808
      vertex 10 2.5 8.5359
      vertex 11.5025 2.5 10.799
    endloop
  endfacet
  facet normal 0 -1 -0
    outer loop
      vertex 10.799 2.5 11.5025
      vertex 10 2.5 8.5359
      vertex 11.0808 2.5 11.0808
    endloop
  endfacet
  facet normal 0 -1 -0
    outer loop
      vertex 10 2.5 8.5359
      vertex 2.5 2.5 8
      vertex 10 2.5 8
    endloop
  endfacet
  facet normal 0 -1 0
    outer loop
      vertex 12 2.5 13.3
      vertex 12 2.5 16
      vertex 10.9647 2.5 15.8637
    endloop
  endfacet
  facet normal 0 -1 0
    outer loop
      vertex 12 2.5 13.3
      vertex 10.9647 2.5 15.8637
      vertex 10 2.5 15.4641
    endloop
  endfacet
  facet normal 0 -1 0
    outer loop
      vertex 12 2.5 16
      vertex 12 2.5 13.3
      vertex 13.0353 2.5 15.8637
    endloop
  endfacet
  facet normal 0 -1 -0
    outer loop
      vertex 14 2.5 15.4641
      vertex 12.9192 2.5 12.9192
      vertex 14.8284 2.5 14.8284
    endloop
  endfacet
  facet normal 0 -1 -0
    outer loop
      vertex 14.8284 2.5 14.8284
      vertex 12.9192 2.5 12.9192
      vertex 15.4641 2.5 14
    endloop
  endfacet
  facet normal 0 -1 0
    outer loop
      vertex 13.201 2.5 12.4975
      vertex 15.4641 2.5 14
      vertex 12.9192 2.5 12.9192
    endloop
  endfacet
  facet normal 0 -1 -0
    outer loop
      vertex 15.4641 2.5 14
      vertex 13.201 2.5 12.4975
      vertex 15.8637 2.5 13.0353
    endloop
  endfacet
  facet normal 0 -1 0
    outer loop
      vertex 13.3 2.5 12
      vertex 15.8637 2.5 13.0353
      vertex 13.201 2.5 12.4975
    endloop
  endfacet
  facet normal 0 -1 0
    outer loop
      vertex 13.3 2.5 12
      vertex 16 2.5 12
      vertex 15.8637 2.5 13.0353
    endloop
  endfacet
  facet normal 0 -1 0
    outer loop
      vertex 15.8637 2.5 10.9647
      vertex 13.3 2.5 12
      vertex 13.201 2.5 11.5025
    endloop
  endfacet
  facet normal 0 -1 0
    outer loop
      vertex 15.4641 2.5 10
      vertex 13.201 2.5 11.5025
      vertex 12.9192 2.5 11.0808
    endloop
  endfacet
  facet normal 0 -1 0
    outer loop
      vertex 13.3 2.5 12
      vertex 15.8637 2.5 10.9647
      vertex 16 2.5 12
    endloop
  endfacet
  facet normal 0 -1 0
    outer loop
      vertex 15.4641 2.5 10
      vertex 12.9192 2.5 11.0808
      vertex 12.4975 2.5 10.799
    endloop
  endfacet
  facet normal 0 -1 0
    outer loop
      vertex 15.4641 2.5 10
      vertex 12.4975 2.5 10.799
      vertex 12 2.5 10.7
    endloop
  endfacet
  facet normal 0 -1 0
    outer loop
      vertex 13.201 2.5 11.5025
      vertex 15.4641 2.5 10
      vertex 15.8637 2.5 10.9647
    endloop
  endfacet
  facet normal 0 -1 0
    outer loop
      vertex 12 2.5 10.7
      vertex 14 2.5 8.5359
      vertex 14.8284 2.5 9.17157
    endloop
  endfacet
  facet normal 0 -1 -0
    outer loop
      vertex 12 2.5 10.7
      vertex 10.9647 2.5 8.1363
      vertex 12 2.5 8
    endloop
  endfacet
  facet normal 0 -1 0
    outer loop
      vertex 12 2.5 10.7
      vertex 13.0353 2.5 8.1363
      vertex 14 2.5 8.5359
    endloop
  endfacet
  facet normal 0 -1 0
    outer loop
      vertex 12 2.5 10.7
      vertex 12 2.5 8
      vertex 13.0353 2.5 8.1363
    endloop
  endfacet
  facet normal 0.195168 0 -0.98077
    outer loop
      vertex 11.5025 2.5 13.201
      vertex 12 12.5 13.3
      vertex 12 2.5 13.3
    endloop
  endfacet
  facet normal 0.195168 0 -0.98077
    outer loop
      vertex 12 12.5 13.3
      vertex 11.5025 2.5 13.201
      vertex 11.5025 12.5 13.201
    endloop
  endfacet
  facet normal -0.831443 0 0.55561
    outer loop
      vertex 12.9192 2.5 11.0808
      vertex 13.201 12.5 11.5025
      vertex 12.9192 12.5 11.0808
    endloop
  endfacet
  facet normal -0.831443 0 0.55561
    outer loop
      vertex 13.201 12.5 11.5025
      vertex 12.9192 2.5 11.0808
      vertex 13.201 2.5 11.5025
    endloop
  endfacet
  facet normal -0.98077 0 0.195168
    outer loop
      vertex 13.201 2.5 11.5025
      vertex 13.3 12.5 12
      vertex 13.201 12.5 11.5025
    endloop
  endfacet
  facet normal -0.98077 0 0.195168
    outer loop
      vertex 13.3 12.5 12
      vertex 13.201 2.5 11.5025
      vertex 13.3 2.5 12
    endloop
  endfacet
  facet normal -0.55561 0 0.831443
    outer loop
      vertex 12.4975 12.5 10.799
      vertex 12.9192 2.5 11.0808
      vertex 12.9192 12.5 11.0808
    endloop
  endfacet
  facet normal -0.55561 0 0.831443
    outer loop
      vertex 12.9192 2.5 11.0808
      vertex 12.4975 12.5 10.799
      vertex 12.4975 2.5 10.799
    endloop
  endfacet
  facet normal -0.831443 0 -0.55561
    outer loop
      vertex 13.201 2.5 12.4975
      vertex 12.9192 12.5 12.9192
      vertex 13.201 12.5 12.4975
    endloop
  endfacet
  facet normal -0.831443 -0 -0.55561
    outer loop
      vertex 12.9192 12.5 12.9192
      vertex 13.201 2.5 12.4975
      vertex 12.9192 2.5 12.9192
    endloop
  endfacet
  facet normal -0.55561 0 -0.831443
    outer loop
      vertex 12.4975 2.5 13.201
      vertex 12.9192 12.5 12.9192
      vertex 12.9192 2.5 12.9192
    endloop
  endfacet
  facet normal -0.55561 0 -0.831443
    outer loop
      vertex 12.9192 12.5 12.9192
      vertex 12.4975 2.5 13.201
      vertex 12.4975 12.5 13.201
    endloop
  endfacet
  facet normal 0.98077 -0 0.195168
    outer loop
      vertex 10.7 2.5 12
      vertex 10.799 12.5 11.5025
      vertex 10.7 12.5 12
    endloop
  endfacet
  facet normal 0.98077 0 0.195168
    outer loop
      vertex 10.799 12.5 11.5025
      vertex 10.7 2.5 12
      vertex 10.799 2.5 11.5025
    endloop
  endfacet
  facet normal 0.55561 0 0.831443
    outer loop
      vertex 11.0808 12.5 11.0808
      vertex 11.5025 2.5 10.799
      vertex 11.5025 12.5 10.799
    endloop
  endfacet
  facet normal 0.55561 0 0.831443
    outer loop
      vertex 11.5025 2.5 10.799
      vertex 11.0808 12.5 11.0808
      vertex 11.0808 2.5 11.0808
    endloop
  endfacet
  facet normal -0.98077 0 -0.195168
    outer loop
      vertex 13.3 2.5 12
      vertex 13.201 12.5 12.4975
      vertex 13.3 12.5 12
    endloop
  endfacet
  facet normal -0.98077 -0 -0.195168
    outer loop
      vertex 13.201 12.5 12.4975
      vertex 13.3 2.5 12
      vertex 13.201 2.5 12.4975
    endloop
  endfacet
  facet normal 0.98077 0 -0.195168
    outer loop
      vertex 10.799 2.5 12.4975
      vertex 10.7 12.5 12
      vertex 10.799 12.5 12.4975
    endloop
  endfacet
  facet normal 0.98077 0 -0.195168
    outer loop
      vertex 10.7 12.5 12
      vertex 10.799 2.5 12.4975
      vertex 10.7 2.5 12
    endloop
  endfacet
  facet normal 0.195168 0 0.98077
    outer loop
      vertex 11.5025 12.5 10.799
      vertex 12 2.5 10.7
      vertex 12 12.5 10.7
    endloop
  endfacet
  facet normal 0.195168 0 0.98077
    outer loop
      vertex 12 2.5 10.7
      vertex 11.5025 12.5 10.799
      vertex 11.5025 2.5 10.799
    endloop
  endfacet
  facet normal -0.195168 0 0.98077
    outer loop
      vertex 12 12.5 10.7
      vertex 12.4975 2.5 10.799
      vertex 12.4975 12.5 10.799
    endloop
  endfacet
  facet normal -0.195168 0 0.98077
    outer loop
      vertex 12.4975 2.5 10.799
      vertex 12 12.5 10.7
      vertex 12 2.5 10.7
    endloop
  endfacet
  facet normal 0.831443 0 -0.55561
    outer loop
      vertex 11.0808 2.5 12.9192
      vertex 10.799 12.5 12.4975
      vertex 11.0808 12.5 12.9192
    endloop
  endfacet
  facet normal 0.831443 0 -0.55561
    outer loop
      vertex 10.799 12.5 12.4975
      vertex 11.0808 2.5 12.9192
      vertex 10.799 2.5 12.4975
    endloop
  endfacet
  facet normal 0.831443 -0 0.55561
    outer loop
      vertex 10.799 2.5 11.5025
      vertex 11.0808 12.5 11.0808
      vertex 10.799 12.5 11.5025
    endloop
  endfacet
  facet normal 0.831443 0 0.55561
    outer loop
      vertex 11.0808 12.5 11.0808
      vertex 10.799 2.5 11.5025
      vertex 11.0808 2.5 11.0808
    endloop
  endfacet
  facet normal -0.195168 0 -0.98077
    outer loop
      vertex 12 2.5 13.3
      vertex 12.4975 12.5 13.201
      vertex 12.4975 2.5 13.201
    endloop
  endfacet
  facet normal -0.195168 0 -0.98077
    outer loop
      vertex 12.4975 12.5 13.201
      vertex 12 2.5 13.3
      vertex 12 12.5 13.3
    endloop
  endfacet
  facet normal 0.55561 0 -0.831443
    outer loop
      vertex 11.0808 2.5 12.9192
      vertex 11.5025 12.5 13.201
      vertex 11.5025 2.5 13.201
    endloop
  endfacet
  facet normal 0.55561 0 -0.831443
    outer loop
      vertex 11.5025 12.5 13.201
      vertex 11.0808 2.5 12.9192
      vertex 11.0808 12.5 12.9192
    endloop
  endfacet
  facet normal 0.923919 0 -0.382589
    outer loop
      vertex 15.8637 2.5 186.965
      vertex 15.4641 12.5 186
      vertex 15.8637 12.5 186.965
    endloop
  endfacet
  facet normal 0.923919 0 -0.382589
    outer loop
      vertex 15.4641 12.5 186
      vertex 15.8637 2.5 186.965
      vertex 15.4641 2.5 186
    endloop
  endfacet
  facet normal 0.99144 0 -0.130564
    outer loop
      vertex 16 2.5 188
      vertex 15.8637 12.5 186.965
      vertex 16 12.5 188
    endloop
  endfacet
  facet normal 0.99144 0 -0.130564
    outer loop
      vertex 15.8637 12.5 186.965
      vertex 16 2.5 188
      vertex 15.8637 2.5 186.965
    endloop
  endfacet
  facet normal -0.383017 0 -0.923741
    outer loop
      vertex 10 2.5 184.536
      vertex 10.9647 12.5 184.136
      vertex 10.9647 2.5 184.136
    endloop
  endfacet
  facet normal -0.383017 0 -0.923741
    outer loop
      vertex 10.9647 12.5 184.136
      vertex 10 2.5 184.536
      vertex 10 12.5 184.536
    endloop
  endfacet
  facet normal 0.60897 0 0.793193
    outer loop
      vertex 14 12.5 191.464
      vertex 14.8284 2.5 190.828
      vertex 14.8284 12.5 190.828
    endloop
  endfacet
  facet normal 0.60897 0 0.793193
    outer loop
      vertex 14.8284 2.5 190.828
      vertex 14 12.5 191.464
      vertex 14 2.5 191.464
    endloop
  endfacet
  facet normal 0.60897 0 -0.793193
    outer loop
      vertex 14 2.5 184.536
      vertex 14.8284 12.5 185.172
      vertex 14.8284 2.5 185.172
    endloop
  endfacet
  facet normal 0.60897 0 -0.793193
    outer loop
      vertex 14.8284 12.5 185.172
      vertex 14 2.5 184.536
      vertex 14 12.5 184.536
    endloop
  endfacet
  facet normal -0.130244 0 0.991482
    outer loop
      vertex 10.9647 12.5 191.864
      vertex 12 2.5 192
      vertex 12 12.5 192
    endloop
  endfacet
  facet normal -0.130244 0 0.991482
    outer loop
      vertex 12 2.5 192
      vertex 10.9647 12.5 191.864
      vertex 10.9647 2.5 191.864
    endloop
  endfacet
  facet normal 0.130244 0 -0.991482
    outer loop
      vertex 12 2.5 184
      vertex 13.0353 12.5 184.136
      vertex 13.0353 2.5 184.136
    endloop
  endfacet
  facet normal 0.130244 0 -0.991482
    outer loop
      vertex 13.0353 12.5 184.136
      vertex 12 2.5 184
      vertex 12 12.5 184
    endloop
  endfacet
  facet normal 0.383017 0 -0.923741
    outer loop
      vertex 13.0353 2.5 184.136
      vertex 14 12.5 184.536
      vertex 14 2.5 184.536
    endloop
  endfacet
  facet normal 0.383017 0 -0.923741
    outer loop
      vertex 14 12.5 184.536
      vertex 13.0353 2.5 184.136
      vertex 13.0353 12.5 184.136
    endloop
  endfacet
  facet normal 0.79319 0 -0.608974
    outer loop
      vertex 15.4641 2.5 186
      vertex 14.8284 12.5 185.172
      vertex 15.4641 12.5 186
    endloop
  endfacet
  facet normal 0.79319 0 -0.608974
    outer loop
      vertex 14.8284 12.5 185.172
      vertex 15.4641 2.5 186
      vertex 14.8284 2.5 185.172
    endloop
  endfacet
  facet normal 0.79319 -0 0.608974
    outer loop
      vertex 14.8284 2.5 190.828
      vertex 15.4641 12.5 190
      vertex 14.8284 12.5 190.828
    endloop
  endfacet
  facet normal 0.79319 0 0.608974
    outer loop
      vertex 15.4641 12.5 190
      vertex 14.8284 2.5 190.828
      vertex 15.4641 2.5 190
    endloop
  endfacet
  facet normal 0.383017 0 0.923741
    outer loop
      vertex 13.0353 12.5 191.864
      vertex 14 2.5 191.464
      vertex 14 12.5 191.464
    endloop
  endfacet
  facet normal 0.383017 0 0.923741
    outer loop
      vertex 14 2.5 191.464
      vertex 13.0353 12.5 191.864
      vertex 13.0353 2.5 191.864
    endloop
  endfacet
  facet normal 0.99144 -0 0.130564
    outer loop
      vertex 15.8637 2.5 189.035
      vertex 16 12.5 188
      vertex 15.8637 12.5 189.035
    endloop
  endfacet
  facet normal 0.99144 0 0.130564
    outer loop
      vertex 16 12.5 188
      vertex 15.8637 2.5 189.035
      vertex 16 2.5 188
    endloop
  endfacet
  facet normal -0.130244 0 -0.991482
    outer loop
      vertex 10.9647 2.5 184.136
      vertex 12 12.5 184
      vertex 12 2.5 184
    endloop
  endfacet
  facet normal -0.130244 0 -0.991482
    outer loop
      vertex 12 12.5 184
      vertex 10.9647 2.5 184.136
      vertex 10.9647 12.5 184.136
    endloop
  endfacet
  facet normal 0.923919 -0 0.382589
    outer loop
      vertex 15.4641 2.5 190
      vertex 15.8637 12.5 189.035
      vertex 15.4641 12.5 190
    endloop
  endfacet
  facet normal 0.923919 0 0.382589
    outer loop
      vertex 15.8637 12.5 189.035
      vertex 15.4641 2.5 190
      vertex 15.8637 2.5 189.035
    endloop
  endfacet
  facet normal -0.383017 0 0.923741
    outer loop
      vertex 10 12.5 191.464
      vertex 10.9647 2.5 191.864
      vertex 10.9647 12.5 191.864
    endloop
  endfacet
  facet normal -0.383017 0 0.923741
    outer loop
      vertex 10.9647 2.5 191.864
      vertex 10 12.5 191.464
      vertex 10 2.5 191.464
    endloop
  endfacet
  facet normal 0 1 0
    outer loop
      vertex 12 12.5 189.3
      vertex 12 12.5 192
      vertex 13.0353 12.5 191.864
    endloop
  endfacet
  facet normal 0 1 0
    outer loop
      vertex 12.4975 12.5 189.201
      vertex 13.0353 12.5 191.864
      vertex 14 12.5 191.464
    endloop
  endfacet
  facet normal 0 1 0
    outer loop
      vertex 12 12.5 192
      vertex 12 12.5 189.3
      vertex 10.9647 12.5 191.864
    endloop
  endfacet
  facet normal 0 1 0
    outer loop
      vertex 12.9192 12.5 188.919
      vertex 14 12.5 191.464
      vertex 14.8284 12.5 190.828
    endloop
  endfacet
  facet normal 0 1 -0
    outer loop
      vertex 10 12.5 191.464
      vertex 2.5 12.5 192
      vertex 10 12.5 192
    endloop
  endfacet
  facet normal 0 1 -0
    outer loop
      vertex 11.5025 12.5 189.201
      vertex 10.9647 12.5 191.864
      vertex 12 12.5 189.3
    endloop
  endfacet
  facet normal 0 1 0
    outer loop
      vertex 12.9192 12.5 188.919
      vertex 14.8284 12.5 190.828
      vertex 15.4641 12.5 190
    endloop
  endfacet
  facet normal 0 1 0
    outer loop
      vertex 10.9647 12.5 191.864
      vertex 11.5025 12.5 189.201
      vertex 10 12.5 191.464
    endloop
  endfacet
  facet normal 0 1 -0
    outer loop
      vertex 11.0808 12.5 188.919
      vertex 10 12.5 191.464
      vertex 11.5025 12.5 189.201
    endloop
  endfacet
  facet normal 0 1 -0
    outer loop
      vertex 10.799 12.5 188.497
      vertex 10 12.5 191.464
      vertex 11.0808 12.5 188.919
    endloop
  endfacet
  facet normal 0 1 -0
    outer loop
      vertex 10.7 12.5 188
      vertex 10 12.5 191.464
      vertex 10.799 12.5 188.497
    endloop
  endfacet
  facet normal 0 1 0
    outer loop
      vertex 10 12.5 191.464
      vertex 10.7 12.5 188
      vertex 2.5 12.5 192
    endloop
  endfacet
  facet normal 0 1 0
    outer loop
      vertex 10 12.5 184.536
      vertex 10.7 12.5 188
      vertex 10.799 12.5 187.503
    endloop
  endfacet
  facet normal 0 1 0
    outer loop
      vertex 10 12.5 184.536
      vertex 10.799 12.5 187.503
      vertex 11.0808 12.5 187.081
    endloop
  endfacet
  facet normal 0 1 0
    outer loop
      vertex 10 12.5 184.536
      vertex 11.0808 12.5 187.081
      vertex 11.5025 12.5 186.799
    endloop
  endfacet
  facet normal 0 1 0
    outer loop
      vertex 12.9192 12.5 187.081
      vertex 14 12.5 184.536
      vertex 12.4975 12.5 186.799
    endloop
  endfacet
  facet normal 0 1 -0
    outer loop
      vertex 13.0353 12.5 184.136
      vertex 12.4975 12.5 186.799
      vertex 14 12.5 184.536
    endloop
  endfacet
  facet normal 0 1 0
    outer loop
      vertex 12.4975 12.5 186.799
      vertex 13.0353 12.5 184.136
      vertex 12 12.5 186.7
    endloop
  endfacet
  facet normal 0 1 0
    outer loop
      vertex 12 12.5 184
      vertex 12 12.5 186.7
      vertex 13.0353 12.5 184.136
    endloop
  endfacet
  facet normal 0 1 0
    outer loop
      vertex 10.7 12.5 188
      vertex 10 12.5 184.536
      vertex 2.5 12.5 184
    endloop
  endfacet
  facet normal 0 1 0
    outer loop
      vertex 2.5 12.5 184
      vertex 10 12.5 184.536
      vertex 10 12.5 184
    endloop
  endfacet
  facet normal 0 1 0
    outer loop
      vertex 10.7 12.5 188
      vertex 2.5 12.5 184
      vertex 2.5 12.5 192
    endloop
  endfacet
  facet normal -0 1 0
    outer loop
      vertex 10.9647 12.5 184.136
      vertex 12 12.5 186.7
      vertex 12 12.5 184
    endloop
  endfacet
  facet normal 0 1 0
    outer loop
      vertex 11.5025 12.5 186.799
      vertex 10.9647 12.5 184.136
      vertex 10 12.5 184.536
    endloop
  endfacet
  facet normal 0 1 0
    outer loop
      vertex 12 12.5 186.7
      vertex 10.9647 12.5 184.136
      vertex 11.5025 12.5 186.799
    endloop
  endfacet
  facet normal 0 1 0
    outer loop
      vertex 13.0353 12.5 191.864
      vertex 12.4975 12.5 189.201
      vertex 12 12.5 189.3
    endloop
  endfacet
  facet normal 0 1 0
    outer loop
      vertex 13.201 12.5 188.497
      vertex 15.4641 12.5 190
      vertex 15.8637 12.5 189.035
    endloop
  endfacet
  facet normal 0 1 0
    outer loop
      vertex 14 12.5 191.464
      vertex 12.9192 12.5 188.919
      vertex 12.4975 12.5 189.201
    endloop
  endfacet
  facet normal 0 1 0
    outer loop
      vertex 15.4641 12.5 190
      vertex 13.201 12.5 188.497
      vertex 12.9192 12.5 188.919
    endloop
  endfacet
  facet normal 0 1 0
    outer loop
      vertex 13.3 12.5 188
      vertex 15.8637 12.5 189.035
      vertex 16 12.5 188
    endloop
  endfacet
  facet normal 0 1 0
    outer loop
      vertex 15.8637 12.5 189.035
      vertex 13.3 12.5 188
      vertex 13.201 12.5 188.497
    endloop
  endfacet
  facet normal 0 1 -0
    outer loop
      vertex 15.8637 12.5 186.965
      vertex 13.3 12.5 188
      vertex 16 12.5 188
    endloop
  endfacet
  facet normal 0 1 0
    outer loop
      vertex 13.3 12.5 188
      vertex 15.8637 12.5 186.965
      vertex 13.201 12.5 187.503
    endloop
  endfacet
  facet normal 0 1 -0
    outer loop
      vertex 15.4641 12.5 186
      vertex 13.201 12.5 187.503
      vertex 15.8637 12.5 186.965
    endloop
  endfacet
  facet normal 0 1 0
    outer loop
      vertex 13.201 12.5 187.503
      vertex 15.4641 12.5 186
      vertex 12.9192 12.5 187.081
    endloop
  endfacet
  facet normal 0 1 -0
    outer loop
      vertex 14.8284 12.5 185.172
      vertex 12.9192 12.5 187.081
      vertex 15.4641 12.5 186
    endloop
  endfacet
  facet normal 0 1 -0
    outer loop
      vertex 14 12.5 184.536
      vertex 12.9192 12.5 187.081
      vertex 14.8284 12.5 185.172
    endloop
  endfacet
  facet normal 0.130244 0 0.991482
    outer loop
      vertex 12 12.5 192
      vertex 13.0353 2.5 191.864
      vertex 13.0353 12.5 191.864
    endloop
  endfacet
  facet normal 0.130244 0 0.991482
    outer loop
      vertex 13.0353 2.5 191.864
      vertex 12 12.5 192
      vertex 12 2.5 192
    endloop
  endfacet
  facet normal 0 -1 0
    outer loop
      vertex 2.5 2.5 192
      vertex 10 2.5 191.464
      vertex 10 2.5 192
    endloop
  endfacet
  facet normal 0 -1 0
    outer loop
      vertex 12.4975 2.5 189.201
      vertex 13.0353 2.5 191.864
      vertex 12 2.5 189.3
    endloop
  endfacet
  facet normal 0 -1 0
    outer loop
      vertex 10.7 2.5 188
      vertex 10 2.5 191.464
      vertex 2.5 2.5 192
    endloop
  endfacet
  facet normal -0 -1 0
    outer loop
      vertex 12 2.5 189.3
      vertex 10 2.5 191.464
      vertex 11.5025 2.5 189.201
    endloop
  endfacet
  facet normal 0 -1 0
    outer loop
      vertex 12.9192 2.5 188.919
      vertex 14 2.5 191.464
      vertex 12.4975 2.5 189.201
    endloop
  endfacet
  facet normal 0 -1 -0
    outer loop
      vertex 13.0353 2.5 191.864
      vertex 12.4975 2.5 189.201
      vertex 14 2.5 191.464
    endloop
  endfacet
  facet normal 0 -1 0
    outer loop
      vertex 10 2.5 191.464
      vertex 11.0808 2.5 188.919
      vertex 11.5025 2.5 189.201
    endloop
  endfacet
  facet normal 0 -1 0
    outer loop
      vertex 10 2.5 191.464
      vertex 10.799 2.5 188.497
      vertex 11.0808 2.5 188.919
    endloop
  endfacet
  facet normal 0 -1 0
    outer loop
      vertex 10 2.5 191.464
      vertex 10.7 2.5 188
      vertex 10.799 2.5 188.497
    endloop
  endfacet
  facet normal 0 -1 0
    outer loop
      vertex 2.5 2.5 184
      vertex 10.7 2.5 188
      vertex 2.5 2.5 192
    endloop
  endfacet
  facet normal -0 -1 0
    outer loop
      vertex 10 2.5 184.536
      vertex 10.7 2.5 188
      vertex 2.5 2.5 184
    endloop
  endfacet
  facet normal 0 -1 -0
    outer loop
      vertex 10.7 2.5 188
      vertex 10 2.5 184.536
      vertex 10.799 2.5 187.503
    endloop
  endfacet
  facet normal 0 -1 0
    outer loop
      vertex 10.9647 2.5 184.136
      vertex 12 2.5 186.7
      vertex 11.5025 2.5 186.799
    endloop
  endfacet
  facet normal 0 -1 0
    outer loop
      vertex 12 2.5 186.7
      vertex 14.8284 2.5 185.172
      vertex 15.4641 2.5 186
    endloop
  endfacet
  facet normal 0 -1 0
    outer loop
      vertex 10.9647 2.5 184.136
      vertex 11.5025 2.5 186.799
      vertex 10 2.5 184.536
    endloop
  endfacet
  facet normal 0 -1 -0
    outer loop
      vertex 11.0808 2.5 187.081
      vertex 10 2.5 184.536
      vertex 11.5025 2.5 186.799
    endloop
  endfacet
  facet normal 0 -1 -0
    outer loop
      vertex 10.799 2.5 187.503
      vertex 10 2.5 184.536
      vertex 11.0808 2.5 187.081
    endloop
  endfacet
  facet normal 0 -1 -0
    outer loop
      vertex 10 2.5 184.536
      vertex 2.5 2.5 184
      vertex 10 2.5 184
    endloop
  endfacet
  facet normal 0 -1 0
    outer loop
      vertex 12 2.5 189.3
      vertex 12 2.5 192
      vertex 10.9647 2.5 191.864
    endloop
  endfacet
  facet normal 0 -1 0
    outer loop
      vertex 12 2.5 189.3
      vertex 10.9647 2.5 191.864
      vertex 10 2.5 191.464
    endloop
  endfacet
  facet normal 0 -1 0
    outer loop
      vertex 12 2.5 192
      vertex 12 2.5 189.3
      vertex 13.0353 2.5 191.864
    endloop
  endfacet
  facet normal 0 -1 -0
    outer loop
      vertex 14 2.5 191.464
      vertex 12.9192 2.5 188.919
      vertex 14.8284 2.5 190.828
    endloop
  endfacet
  facet normal 0 -1 -0
    outer loop
      vertex 14.8284 2.5 190.828
      vertex 12.9192 2.5 188.919
      vertex 15.4641 2.5 190
    endloop
  endfacet
  facet normal 0 -1 0
    outer loop
      vertex 13.201 2.5 188.497
      vertex 15.4641 2.5 190
      vertex 12.9192 2.5 188.919
    endloop
  endfacet
  facet normal 0 -1 -0
    outer loop
      vertex 15.4641 2.5 190
      vertex 13.201 2.5 188.497
      vertex 15.8637 2.5 189.035
    endloop
  endfacet
  facet normal 0 -1 0
    outer loop
      vertex 13.3 2.5 188
      vertex 15.8637 2.5 189.035
      vertex 13.201 2.5 188.497
    endloop
  endfacet
  facet normal 0 -1 0
    outer loop
      vertex 13.3 2.5 188
      vertex 16 2.5 188
      vertex 15.8637 2.5 189.035
    endloop
  endfacet
  facet normal 0 -1 0
    outer loop
      vertex 15.8637 2.5 186.965
      vertex 13.3 2.5 188
      vertex 13.201 2.5 187.503
    endloop
  endfacet
  facet normal 0 -1 0
    outer loop
      vertex 15.4641 2.5 186
      vertex 13.201 2.5 187.503
      vertex 12.9192 2.5 187.081
    endloop
  endfacet
  facet normal 0 -1 0
    outer loop
      vertex 13.3 2.5 188
      vertex 15.8637 2.5 186.965
      vertex 16 2.5 188
    endloop
  endfacet
  facet normal 0 -1 0
    outer loop
      vertex 15.4641 2.5 186
      vertex 12.9192 2.5 187.081
      vertex 12.4975 2.5 186.799
    endloop
  endfacet
  facet normal 0 -1 0
    outer loop
      vertex 15.4641 2.5 186
      vertex 12.4975 2.5 186.799
      vertex 12 2.5 186.7
    endloop
  endfacet
  facet normal 0 -1 0
    outer loop
      vertex 13.201 2.5 187.503
      vertex 15.4641 2.5 186
      vertex 15.8637 2.5 186.965
    endloop
  endfacet
  facet normal 0 -1 0
    outer loop
      vertex 12 2.5 186.7
      vertex 14 2.5 184.536
      vertex 14.8284 2.5 185.172
    endloop
  endfacet
  facet normal 0 -1 -0
    outer loop
      vertex 12 2.5 186.7
      vertex 10.9647 2.5 184.136
      vertex 12 2.5 184
    endloop
  endfacet
  facet normal 0 -1 0
    outer loop
      vertex 12 2.5 186.7
      vertex 13.0353 2.5 184.136
      vertex 14 2.5 184.536
    endloop
  endfacet
  facet normal 0 -1 0
    outer loop
      vertex 12 2.5 186.7
      vertex 12 2.5 184
      vertex 13.0353 2.5 184.136
    endloop
  endfacet
  facet normal 0.195168 0 -0.98077
    outer loop
      vertex 11.5025 2.5 189.201
      vertex 12 12.5 189.3
      vertex 12 2.5 189.3
    endloop
  endfacet
  facet normal 0.195168 0 -0.98077
    outer loop
      vertex 12 12.5 189.3
      vertex 11.5025 2.5 189.201
      vertex 11.5025 12.5 189.201
    endloop
  endfacet
  facet normal -0.831626 0 0.555337
    outer loop
      vertex 12.9192 2.5 187.081
      vertex 13.201 12.5 187.503
      vertex 12.9192 12.5 187.081
    endloop
  endfacet
  facet normal -0.831626 0 0.555337
    outer loop
      vertex 13.201 12.5 187.503
      vertex 12.9192 2.5 187.081
      vertex 13.201 2.5 187.503
    endloop
  endfacet
  facet normal -0.980732 0 0.195357
    outer loop
      vertex 13.201 2.5 187.503
      vertex 13.3 12.5 188
      vertex 13.201 12.5 187.503
    endloop
  endfacet
  facet normal -0.980732 0 0.195357
    outer loop
      vertex 13.3 12.5 188
      vertex 13.201 2.5 187.503
      vertex 13.3 2.5 188
    endloop
  endfacet
  facet normal -0.555882 0 0.831261
    outer loop
      vertex 12.4975 12.5 186.799
      vertex 12.9192 2.5 187.081
      vertex 12.9192 12.5 187.081
    endloop
  endfacet
  facet normal -0.555882 0 0.831261
    outer loop
      vertex 12.9192 2.5 187.081
      vertex 12.4975 12.5 186.799
      vertex 12.4975 2.5 186.799
    endloop
  endfacet
  facet normal -0.831626 0 -0.555337
    outer loop
      vertex 13.201 2.5 188.497
      vertex 12.9192 12.5 188.919
      vertex 13.201 12.5 188.497
    endloop
  endfacet
  facet normal -0.831626 -0 -0.555337
    outer loop
      vertex 12.9192 12.5 188.919
      vertex 13.201 2.5 188.497
      vertex 12.9192 2.5 188.919
    endloop
  endfacet
  facet normal -0.555882 0 -0.831261
    outer loop
      vertex 12.4975 2.5 189.201
      vertex 12.9192 12.5 188.919
      vertex 12.9192 2.5 188.919
    endloop
  endfacet
  facet normal -0.555882 0 -0.831261
    outer loop
      vertex 12.9192 12.5 188.919
      vertex 12.4975 2.5 189.201
      vertex 12.4975 12.5 189.201
    endloop
  endfacet
  facet normal 0.980732 -0 0.195357
    outer loop
      vertex 10.7 2.5 188
      vertex 10.799 12.5 187.503
      vertex 10.7 12.5 188
    endloop
  endfacet
  facet normal 0.980732 0 0.195357
    outer loop
      vertex 10.799 12.5 187.503
      vertex 10.7 2.5 188
      vertex 10.799 2.5 187.503
    endloop
  endfacet
  facet normal 0.555882 0 0.831261
    outer loop
      vertex 11.0808 12.5 187.081
      vertex 11.5025 2.5 186.799
      vertex 11.5025 12.5 186.799
    endloop
  endfacet
  facet normal 0.555882 0 0.831261
    outer loop
      vertex 11.5025 2.5 186.799
      vertex 11.0808 12.5 187.081
      vertex 11.0808 2.5 187.081
    endloop
  endfacet
  facet normal -0.980732 0 -0.195357
    outer loop
      vertex 13.3 2.5 188
      vertex 13.201 12.5 188.497
      vertex 13.3 12.5 188
    endloop
  endfacet
  facet normal -0.980732 -0 -0.195357
    outer loop
      vertex 13.201 12.5 188.497
      vertex 13.3 2.5 188
      vertex 13.201 2.5 188.497
    endloop
  endfacet
  facet normal 0.980732 0 -0.195357
    outer loop
      vertex 10.799 2.5 188.497
      vertex 10.7 12.5 188
      vertex 10.799 12.5 188.497
    endloop
  endfacet
  facet normal 0.980732 0 -0.195357
    outer loop
      vertex 10.7 12.5 188
      vertex 10.799 2.5 188.497
      vertex 10.7 2.5 188
    endloop
  endfacet
  facet normal 0.195168 0 0.98077
    outer loop
      vertex 11.5025 12.5 186.799
      vertex 12 2.5 186.7
      vertex 12 12.5 186.7
    endloop
  endfacet
  facet normal 0.195168 0 0.98077
    outer loop
      vertex 12 2.5 186.7
      vertex 11.5025 12.5 186.799
      vertex 11.5025 2.5 186.799
    endloop
  endfacet
  facet normal -0.195168 0 0.98077
    outer loop
      vertex 12 12.5 186.7
      vertex 12.4975 2.5 186.799
      vertex 12.4975 12.5 186.799
    endloop
  endfacet
  facet normal -0.195168 0 0.98077
    outer loop
      vertex 12.4975 2.5 186.799
      vertex 12 12.5 186.7
      vertex 12 2.5 186.7
    endloop
  endfacet
  facet normal 0.831626 0 -0.555337
    outer loop
      vertex 11.0808 2.5 188.919
      vertex 10.799 12.5 188.497
      vertex 11.0808 12.5 188.919
    endloop
  endfacet
  facet normal 0.831626 0 -0.555337
    outer loop
      vertex 10.799 12.5 188.497
      vertex 11.0808 2.5 188.919
      vertex 10.799 2.5 188.497
    endloop
  endfacet
  facet normal 0.831626 -0 0.555337
    outer loop
      vertex 10.799 2.5 187.503
      vertex 11.0808 12.5 187.081
      vertex 10.799 12.5 187.503
    endloop
  endfacet
  facet normal 0.831626 0 0.555337
    outer loop
      vertex 11.0808 12.5 187.081
      vertex 10.799 2.5 187.503
      vertex 11.0808 2.5 187.081
    endloop
  endfacet
  facet normal -0.195168 0 -0.98077
    outer loop
      vertex 12 2.5 189.3
      vertex 12.4975 12.5 189.201
      vertex 12.4975 2.5 189.201
    endloop
  endfacet
  facet normal -0.195168 0 -0.98077
    outer loop
      vertex 12.4975 12.5 189.201
      vertex 12 2.5 189.3
      vertex 12 12.5 189.3
    endloop
  endfacet
  facet normal 0.555882 0 -0.831261
    outer loop
      vertex 11.0808 2.5 188.919
      vertex 11.5025 12.5 189.201
      vertex 11.5025 2.5 189.201
    endloop
  endfacet
  facet normal 0.555882 0 -0.831261
    outer loop
      vertex 11.5025 12.5 189.201
      vertex 11.0808 2.5 188.919
      vertex 11.0808 12.5 188.919
    endloop
  endfacet
  facet normal 1 -0 0
    outer loop
      vertex 10 2.5 8.5359
      vertex 10 12.5 8
      vertex 10 12.5 8.5359
    endloop
  endfacet
  facet normal 1 0 0
    outer loop
      vertex 10 12.5 8
      vertex 10 2.5 8.5359
      vertex 10 2.5 8
    endloop
  endfacet
  facet normal 1 -0 0
    outer loop
      vertex 10 2.5 16
      vertex 10 12.5 15.4641
      vertex 10 12.5 16
    endloop
  endfacet
  facet normal 1 0 0
    outer loop
      vertex 10 12.5 15.4641
      vertex 10 2.5 16
      vertex 10 2.5 15.4641
    endloop
  endfacet
  facet normal -0 0 1
    outer loop
      vertex 2.5 12.5 16
      vertex 10 2.5 16
      vertex 10 12.5 16
    endloop
  endfacet
  facet normal 0 0 1
    outer loop
      vertex 10 2.5 16
      vertex 2.5 12.5 16
      vertex 2.5 2.5 16
    endloop
  endfacet
  facet normal 0 0 -1
    outer loop
      vertex 2.5 2.5 8
      vertex 10 12.5 8
      vertex 10 2.5 8
    endloop
  endfacet
  facet normal -0 0 -1
    outer loop
      vertex 10 12.5 8
      vertex 2.5 2.5 8
      vertex 2.5 12.5 8
    endloop
  endfacet
  facet normal 1 -0 0
    outer loop
      vertex 10 2.5 192
      vertex 10 12.5 191.464
      vertex 10 12.5 192
    endloop
  endfacet
  facet normal 1 0 0
    outer loop
      vertex 10 12.5 191.464
      vertex 10 2.5 192
      vertex 10 2.5 191.464
    endloop
  endfacet
  facet normal 1 -0 0
    outer loop
      vertex 10 2.5 184.536
      vertex 10 12.5 184
      vertex 10 12.5 184.536
    endloop
  endfacet
  facet normal 1 0 0
    outer loop
      vertex 10 12.5 184
      vertex 10 2.5 184.536
      vertex 10 2.5 184
    endloop
  endfacet
  facet normal -0 0 1
    outer loop
      vertex 2.5 12.5 192
      vertex 10 2.5 192
      vertex 10 12.5 192
    endloop
  endfacet
  facet normal 0 0 1
    outer loop
      vertex 10 2.5 192
      vertex 2.5 12.5 192
      vertex 2.5 2.5 192
    endloop
  endfacet
  facet normal 0 0 -1
    outer loop
      vertex 2.5 2.5 184
      vertex 10 12.5 184
      vertex 10 2.5 184
    endloop
  endfacet
  facet normal -0 0 -1
    outer loop
      vertex 10 12.5 184
      vertex 2.5 2.5 184
      vertex 2.5 12.5 184
    endloop
  endfacet
  facet normal -0.608956 0 -0.793204
    outer loop
      vertex 155.172 2.5 9.17157
      vertex 156 12.5 8.5359
      vertex 156 2.5 8.5359
    endloop
  endfacet
  facet normal -0.608956 0 -0.793204
    outer loop
      vertex 156 12.5 8.5359
      vertex 155.172 2.5 9.17157
      vertex 155.172 12.5 9.17157
    endloop
  endfacet
  facet normal -0.382589 0 -0.923919
    outer loop
      vertex 156 2.5 8.5359
      vertex 156.965 12.5 8.1363
      vertex 156.965 2.5 8.1363
    endloop
  endfacet
  facet normal -0.382589 0 -0.923919
    outer loop
      vertex 156.965 12.5 8.1363
      vertex 156 2.5 8.5359
      vertex 156 12.5 8.5359
    endloop
  endfacet
  facet normal -0.130564 0 0.99144
    outer loop
      vertex 156.965 12.5 15.8637
      vertex 158 2.5 16
      vertex 158 12.5 16
    endloop
  endfacet
  facet normal -0.130564 0 0.99144
    outer loop
      vertex 158 2.5 16
      vertex 156.965 12.5 15.8637
      vertex 156.965 2.5 15.8637
    endloop
  endfacet
  facet normal 0.130564 0 -0.99144
    outer loop
      vertex 158 2.5 8
      vertex 159.035 12.5 8.1363
      vertex 159.035 2.5 8.1363
    endloop
  endfacet
  facet normal 0.130564 0 -0.99144
    outer loop
      vertex 159.035 12.5 8.1363
      vertex 158 2.5 8
      vertex 158 12.5 8
    endloop
  endfacet
  facet normal 0.382589 0 -0.923919
    outer loop
      vertex 159.035 2.5 8.1363
      vertex 160 12.5 8.5359
      vertex 160 2.5 8.5359
    endloop
  endfacet
  facet normal 0.382589 0 -0.923919
    outer loop
      vertex 160 12.5 8.5359
      vertex 159.035 2.5 8.1363
      vertex 159.035 12.5 8.1363
    endloop
  endfacet
  facet normal -0.608974 0 0.79319
    outer loop
      vertex 155.172 12.5 14.8284
      vertex 156 2.5 15.4641
      vertex 156 12.5 15.4641
    endloop
  endfacet
  facet normal -0.608974 0 0.79319
    outer loop
      vertex 156 2.5 15.4641
      vertex 155.172 12.5 14.8284
      vertex 155.172 2.5 14.8284
    endloop
  endfacet
  facet normal 0.382589 0 0.923919
    outer loop
      vertex 159.035 12.5 15.8637
      vertex 160 2.5 15.4641
      vertex 160 12.5 15.4641
    endloop
  endfacet
  facet normal 0.382589 0 0.923919
    outer loop
      vertex 160 2.5 15.4641
      vertex 159.035 12.5 15.8637
      vertex 159.035 2.5 15.8637
    endloop
  endfacet
  facet normal -0.793204 0 -0.608956
    outer loop
      vertex 155.172 2.5 9.17157
      vertex 154.536 12.5 10
      vertex 155.172 12.5 9.17157
    endloop
  endfacet
  facet normal -0.793204 -0 -0.608956
    outer loop
      vertex 154.536 12.5 10
      vertex 155.172 2.5 9.17157
      vertex 154.536 2.5 10
    endloop
  endfacet
  facet normal -0.793193 0 0.60897
    outer loop
      vertex 154.536 2.5 14
      vertex 155.172 12.5 14.8284
      vertex 154.536 12.5 14
    endloop
  endfacet
  facet normal -0.793193 0 0.60897
    outer loop
      vertex 155.172 12.5 14.8284
      vertex 154.536 2.5 14
      vertex 155.172 2.5 14.8284
    endloop
  endfacet
  facet normal -0.130564 0 -0.99144
    outer loop
      vertex 156.965 2.5 8.1363
      vertex 158 12.5 8
      vertex 158 2.5 8
    endloop
  endfacet
  facet normal -0.130564 0 -0.99144
    outer loop
      vertex 158 12.5 8
      vertex 156.965 2.5 8.1363
      vertex 156.965 12.5 8.1363
    endloop
  endfacet
  facet normal -0.923741 0 0.383017
    outer loop
      vertex 154.136 2.5 13.0353
      vertex 154.536 12.5 14
      vertex 154.136 12.5 13.0353
    endloop
  endfacet
  facet normal -0.923741 0 0.383017
    outer loop
      vertex 154.536 12.5 14
      vertex 154.136 2.5 13.0353
      vertex 154.536 2.5 14
    endloop
  endfacet
  facet normal -0.991482 0 0.130244
    outer loop
      vertex 154 2.5 12
      vertex 154.136 12.5 13.0353
      vertex 154 12.5 12
    endloop
  endfacet
  facet normal -0.991482 0 0.130244
    outer loop
      vertex 154.136 12.5 13.0353
      vertex 154 2.5 12
      vertex 154.136 2.5 13.0353
    endloop
  endfacet
  facet normal -0.382589 0 0.923919
    outer loop
      vertex 156 12.5 15.4641
      vertex 156.965 2.5 15.8637
      vertex 156.965 12.5 15.8637
    endloop
  endfacet
  facet normal -0.382589 0 0.923919
    outer loop
      vertex 156.965 2.5 15.8637
      vertex 156 12.5 15.4641
      vertex 156 2.5 15.4641
    endloop
  endfacet
  facet normal 0 1 0
    outer loop
      vertex 167.5 12.5 16
      vertex 160 12.5 15.4641
      vertex 160 12.5 16
    endloop
  endfacet
  facet normal 0 1 -0
    outer loop
      vertex 157.503 12.5 13.201
      vertex 156.965 12.5 15.8637
      vertex 158 12.5 13.3
    endloop
  endfacet
  facet normal 0 1 0
    outer loop
      vertex 159.3 12.5 12
      vertex 160 12.5 15.4641
      vertex 167.5 12.5 16
    endloop
  endfacet
  facet normal -0 1 0
    outer loop
      vertex 158 12.5 13.3
      vertex 160 12.5 15.4641
      vertex 158.497 12.5 13.201
    endloop
  endfacet
  facet normal 0 1 -0
    outer loop
      vertex 157.081 12.5 12.9192
      vertex 156 12.5 15.4641
      vertex 157.503 12.5 13.201
    endloop
  endfacet
  facet normal 0 1 0
    outer loop
      vertex 156.965 12.5 15.8637
      vertex 157.503 12.5 13.201
      vertex 156 12.5 15.4641
    endloop
  endfacet
  facet normal 0 1 0
    outer loop
      vertex 160 12.5 15.4641
      vertex 158.919 12.5 12.9192
      vertex 158.497 12.5 13.201
    endloop
  endfacet
  facet normal 0 1 0
    outer loop
      vertex 160 12.5 15.4641
      vertex 159.201 12.5 12.4975
      vertex 158.919 12.5 12.9192
    endloop
  endfacet
  facet normal 0 1 0
    outer loop
      vertex 160 12.5 15.4641
      vertex 159.3 12.5 12
      vertex 159.201 12.5 12.4975
    endloop
  endfacet
  facet normal 0 1 -0
    outer loop
      vertex 167.5 12.5 8
      vertex 159.3 12.5 12
      vertex 167.5 12.5 16
    endloop
  endfacet
  facet normal -0 1 -0
    outer loop
      vertex 160 12.5 8.5359
      vertex 159.3 12.5 12
      vertex 167.5 12.5 8
    endloop
  endfacet
  facet normal 0 1 0
    outer loop
      vertex 159.3 12.5 12
      vertex 160 12.5 8.5359
      vertex 159.201 12.5 11.5025
    endloop
  endfacet
  facet normal 0 1 0
    outer loop
      vertex 159.035 12.5 8.1363
      vertex 158 12.5 10.7
      vertex 158.497 12.5 10.799
    endloop
  endfacet
  facet normal 0 1 0
    outer loop
      vertex 158 12.5 10.7
      vertex 155.172 12.5 9.17157
      vertex 154.536 12.5 10
    endloop
  endfacet
  facet normal 0 1 -0
    outer loop
      vertex 159.035 12.5 8.1363
      vertex 158.497 12.5 10.799
      vertex 160 12.5 8.5359
    endloop
  endfacet
  facet normal 0 1 0
    outer loop
      vertex 158.919 12.5 11.0808
      vertex 160 12.5 8.5359
      vertex 158.497 12.5 10.799
    endloop
  endfacet
  facet normal 0 1 0
    outer loop
      vertex 159.201 12.5 11.5025
      vertex 160 12.5 8.5359
      vertex 158.919 12.5 11.0808
    endloop
  endfacet
  facet normal 0 1 0
    outer loop
      vertex 160 12.5 8.5359
      vertex 167.5 12.5 8
      vertex 160 12.5 8
    endloop
  endfacet
  facet normal 0 1 0
    outer loop
      vertex 158 12.5 13.3
      vertex 158 12.5 16
      vertex 159.035 12.5 15.8637
    endloop
  endfacet
  facet normal 0 1 0
    outer loop
      vertex 158 12.5 13.3
      vertex 159.035 12.5 15.8637
      vertex 160 12.5 15.4641
    endloop
  endfacet
  facet normal 0 1 0
    outer loop
      vertex 158 12.5 16
      vertex 158 12.5 13.3
      vertex 156.965 12.5 15.8637
    endloop
  endfacet
  facet normal 0 1 0
    outer loop
      vertex 156 12.5 15.4641
      vertex 157.081 12.5 12.9192
      vertex 155.172 12.5 14.8284
    endloop
  endfacet
  facet normal 0 1 0
    outer loop
      vertex 155.172 12.5 14.8284
      vertex 157.081 12.5 12.9192
      vertex 154.536 12.5 14
    endloop
  endfacet
  facet normal 0 1 -0
    outer loop
      vertex 156.799 12.5 12.4975
      vertex 154.536 12.5 14
      vertex 157.081 12.5 12.9192
    endloop
  endfacet
  facet normal 0 1 0
    outer loop
      vertex 154.536 12.5 14
      vertex 156.799 12.5 12.4975
      vertex 154.136 12.5 13.0353
    endloop
  endfacet
  facet normal 0 1 -0
    outer loop
      vertex 156.7 12.5 12
      vertex 154.136 12.5 13.0353
      vertex 156.799 12.5 12.4975
    endloop
  endfacet
  facet normal 0 1 0
    outer loop
      vertex 156.7 12.5 12
      vertex 154 12.5 12
      vertex 154.136 12.5 13.0353
    endloop
  endfacet
  facet normal 0 1 0
    outer loop
      vertex 154.136 12.5 10.9647
      vertex 156.7 12.5 12
      vertex 156.799 12.5 11.5025
    endloop
  endfacet
  facet normal 0 1 0
    outer loop
      vertex 154.536 12.5 10
      vertex 156.799 12.5 11.5025
      vertex 157.081 12.5 11.0808
    endloop
  endfacet
  facet normal 0 1 0
    outer loop
      vertex 156.7 12.5 12
      vertex 154.136 12.5 10.9647
      vertex 154 12.5 12
    endloop
  endfacet
  facet normal 0 1 0
    outer loop
      vertex 154.536 12.5 10
      vertex 157.081 12.5 11.0808
      vertex 157.503 12.5 10.799
    endloop
  endfacet
  facet normal 0 1 0
    outer loop
      vertex 154.536 12.5 10
      vertex 157.503 12.5 10.799
      vertex 158 12.5 10.7
    endloop
  endfacet
  facet normal 0 1 0
    outer loop
      vertex 156.799 12.5 11.5025
      vertex 154.536 12.5 10
      vertex 154.136 12.5 10.9647
    endloop
  endfacet
  facet normal 0 1 0
    outer loop
      vertex 158 12.5 10.7
      vertex 156 12.5 8.5359
      vertex 155.172 12.5 9.17157
    endloop
  endfacet
  facet normal 0 1 0
    outer loop
      vertex 158 12.5 10.7
      vertex 159.035 12.5 8.1363
      vertex 158 12.5 8
    endloop
  endfacet
  facet normal 0 1 0
    outer loop
      vertex 158 12.5 10.7
      vertex 156.965 12.5 8.1363
      vertex 156 12.5 8.5359
    endloop
  endfacet
  facet normal 0 1 0
    outer loop
      vertex 158 12.5 10.7
      vertex 158 12.5 8
      vertex 156.965 12.5 8.1363
    endloop
  endfacet
  facet normal 0.130564 0 0.99144
    outer loop
      vertex 158 12.5 16
      vertex 159.035 2.5 15.8637
      vertex 159.035 12.5 15.8637
    endloop
  endfacet
  facet normal 0.130564 0 0.99144
    outer loop
      vertex 159.035 2.5 15.8637
      vertex 158 12.5 16
      vertex 158 2.5 16
    endloop
  endfacet
  facet normal 0 -1 0
    outer loop
      vertex 158 2.5 13.3
      vertex 158 2.5 16
      vertex 156.965 2.5 15.8637
    endloop
  endfacet
  facet normal 0 -1 0
    outer loop
      vertex 157.503 2.5 13.201
      vertex 156.965 2.5 15.8637
      vertex 156 2.5 15.4641
    endloop
  endfacet
  facet normal 0 -1 0
    outer loop
      vertex 158 2.5 16
      vertex 158 2.5 13.3
      vertex 159.035 2.5 15.8637
    endloop
  endfacet
  facet normal 0 -1 0
    outer loop
      vertex 157.081 2.5 12.9192
      vertex 156 2.5 15.4641
      vertex 155.172 2.5 14.8284
    endloop
  endfacet
  facet normal 0 -1 0
    outer loop
      vertex 160 2.5 15.4641
      vertex 167.5 2.5 16
      vertex 160 2.5 16
    endloop
  endfacet
  facet normal 0 -1 0
    outer loop
      vertex 158.497 2.5 13.201
      vertex 159.035 2.5 15.8637
      vertex 158 2.5 13.3
    endloop
  endfacet
  facet normal 0 -1 0
    outer loop
      vertex 157.081 2.5 12.9192
      vertex 155.172 2.5 14.8284
      vertex 154.536 2.5 14
    endloop
  endfacet
  facet normal 0 -1 -0
    outer loop
      vertex 159.035 2.5 15.8637
      vertex 158.497 2.5 13.201
      vertex 160 2.5 15.4641
    endloop
  endfacet
  facet normal 0 -1 0
    outer loop
      vertex 158.919 2.5 12.9192
      vertex 160 2.5 15.4641
      vertex 158.497 2.5 13.201
    endloop
  endfacet
  facet normal 0 -1 0
    outer loop
      vertex 159.201 2.5 12.4975
      vertex 160 2.5 15.4641
      vertex 158.919 2.5 12.9192
    endloop
  endfacet
  facet normal 0 -1 0
    outer loop
      vertex 159.3 2.5 12
      vertex 160 2.5 15.4641
      vertex 159.201 2.5 12.4975
    endloop
  endfacet
  facet normal 0 -1 -0
    outer loop
      vertex 160 2.5 15.4641
      vertex 159.3 2.5 12
      vertex 167.5 2.5 16
    endloop
  endfacet
  facet normal 0 -1 0
    outer loop
      vertex 160 2.5 8.5359
      vertex 159.3 2.5 12
      vertex 159.201 2.5 11.5025
    endloop
  endfacet
  facet normal 0 -1 0
    outer loop
      vertex 160 2.5 8.5359
      vertex 159.201 2.5 11.5025
      vertex 158.919 2.5 11.0808
    endloop
  endfacet
  facet normal 0 -1 0
    outer loop
      vertex 160 2.5 8.5359
      vertex 158.919 2.5 11.0808
      vertex 158.497 2.5 10.799
    endloop
  endfacet
  facet normal 0 -1 -0
    outer loop
      vertex 157.081 2.5 11.0808
      vertex 156 2.5 8.5359
      vertex 157.503 2.5 10.799
    endloop
  endfacet
  facet normal 0 -1 0
    outer loop
      vertex 156.965 2.5 8.1363
      vertex 157.503 2.5 10.799
      vertex 156 2.5 8.5359
    endloop
  endfacet
  facet normal 0 -1 -0
    outer loop
      vertex 157.503 2.5 10.799
      vertex 156.965 2.5 8.1363
      vertex 158 2.5 10.7
    endloop
  endfacet
  facet normal 0 -1 0
    outer loop
      vertex 158 2.5 8
      vertex 158 2.5 10.7
      vertex 156.965 2.5 8.1363
    endloop
  endfacet
  facet normal 0 -1 0
    outer loop
      vertex 159.3 2.5 12
      vertex 160 2.5 8.5359
      vertex 167.5 2.5 8
    endloop
  endfacet
  facet normal 0 -1 0
    outer loop
      vertex 167.5 2.5 8
      vertex 160 2.5 8.5359
      vertex 160 2.5 8
    endloop
  endfacet
  facet normal 0 -1 0
    outer loop
      vertex 159.3 2.5 12
      vertex 167.5 2.5 8
      vertex 167.5 2.5 16
    endloop
  endfacet
  facet normal -0 -1 0
    outer loop
      vertex 159.035 2.5 8.1363
      vertex 158 2.5 10.7
      vertex 158 2.5 8
    endloop
  endfacet
  facet normal 0 -1 0
    outer loop
      vertex 158.497 2.5 10.799
      vertex 159.035 2.5 8.1363
      vertex 160 2.5 8.5359
    endloop
  endfacet
  facet normal 0 -1 0
    outer loop
      vertex 158 2.5 10.7
      vertex 159.035 2.5 8.1363
      vertex 158.497 2.5 10.799
    endloop
  endfacet
  facet normal 0 -1 0
    outer loop
      vertex 156.965 2.5 15.8637
      vertex 157.503 2.5 13.201
      vertex 158 2.5 13.3
    endloop
  endfacet
  facet normal 0 -1 0
    outer loop
      vertex 156.799 2.5 12.4975
      vertex 154.536 2.5 14
      vertex 154.136 2.5 13.0353
    endloop
  endfacet
  facet normal 0 -1 0
    outer loop
      vertex 156 2.5 15.4641
      vertex 157.081 2.5 12.9192
      vertex 157.503 2.5 13.201
    endloop
  endfacet
  facet normal 0 -1 0
    outer loop
      vertex 154.536 2.5 14
      vertex 156.799 2.5 12.4975
      vertex 157.081 2.5 12.9192
    endloop
  endfacet
  facet normal 0 -1 0
    outer loop
      vertex 156.7 2.5 12
      vertex 154.136 2.5 13.0353
      vertex 154 2.5 12
    endloop
  endfacet
  facet normal 0 -1 0
    outer loop
      vertex 154.136 2.5 13.0353
      vertex 156.7 2.5 12
      vertex 156.799 2.5 12.4975
    endloop
  endfacet
  facet normal 0 -1 0
    outer loop
      vertex 154.136 2.5 10.9647
      vertex 156.7 2.5 12
      vertex 154 2.5 12
    endloop
  endfacet
  facet normal 0 -1 -0
    outer loop
      vertex 156.7 2.5 12
      vertex 154.136 2.5 10.9647
      vertex 156.799 2.5 11.5025
    endloop
  endfacet
  facet normal 0 -1 0
    outer loop
      vertex 154.536 2.5 10
      vertex 156.799 2.5 11.5025
      vertex 154.136 2.5 10.9647
    endloop
  endfacet
  facet normal 0 -1 -0
    outer loop
      vertex 156.799 2.5 11.5025
      vertex 154.536 2.5 10
      vertex 157.081 2.5 11.0808
    endloop
  endfacet
  facet normal 0 -1 0
    outer loop
      vertex 155.172 2.5 9.17157
      vertex 157.081 2.5 11.0808
      vertex 154.536 2.5 10
    endloop
  endfacet
  facet normal 0 -1 0
    outer loop
      vertex 156 2.5 8.5359
      vertex 157.081 2.5 11.0808
      vertex 155.172 2.5 9.17157
    endloop
  endfacet
  facet normal -0.923741 0 -0.383017
    outer loop
      vertex 154.536 2.5 10
      vertex 154.136 12.5 10.9647
      vertex 154.536 12.5 10
    endloop
  endfacet
  facet normal -0.923741 -0 -0.383017
    outer loop
      vertex 154.136 12.5 10.9647
      vertex 154.536 2.5 10
      vertex 154.136 2.5 10.9647
    endloop
  endfacet
  facet normal -0.991482 0 -0.130244
    outer loop
      vertex 154.136 2.5 10.9647
      vertex 154 12.5 12
      vertex 154.136 12.5 10.9647
    endloop
  endfacet
  facet normal -0.991482 -0 -0.130244
    outer loop
      vertex 154 12.5 12
      vertex 154.136 2.5 10.9647
      vertex 154 2.5 12
    endloop
  endfacet
  facet normal 0.195357 0 -0.980732
    outer loop
      vertex 157.503 2.5 13.201
      vertex 158 12.5 13.3
      vertex 158 2.5 13.3
    endloop
  endfacet
  facet normal 0.195357 0 -0.980732
    outer loop
      vertex 158 12.5 13.3
      vertex 157.503 2.5 13.201
      vertex 157.503 12.5 13.201
    endloop
  endfacet
  facet normal -0.831261 0 0.555882
    outer loop
      vertex 158.919 2.5 11.0808
      vertex 159.201 12.5 11.5025
      vertex 158.919 12.5 11.0808
    endloop
  endfacet
  facet normal -0.831261 0 0.555882
    outer loop
      vertex 159.201 12.5 11.5025
      vertex 158.919 2.5 11.0808
      vertex 159.201 2.5 11.5025
    endloop
  endfacet
  facet normal -0.98077 0 0.195168
    outer loop
      vertex 159.201 2.5 11.5025
      vertex 159.3 12.5 12
      vertex 159.201 12.5 11.5025
    endloop
  endfacet
  facet normal -0.98077 0 0.195168
    outer loop
      vertex 159.3 12.5 12
      vertex 159.201 2.5 11.5025
      vertex 159.3 2.5 12
    endloop
  endfacet
  facet normal -0.555337 0 0.831626
    outer loop
      vertex 158.497 12.5 10.799
      vertex 158.919 2.5 11.0808
      vertex 158.919 12.5 11.0808
    endloop
  endfacet
  facet normal -0.555337 0 0.831626
    outer loop
      vertex 158.919 2.5 11.0808
      vertex 158.497 12.5 10.799
      vertex 158.497 2.5 10.799
    endloop
  endfacet
  facet normal -0.831261 0 -0.555882
    outer loop
      vertex 159.201 2.5 12.4975
      vertex 158.919 12.5 12.9192
      vertex 159.201 12.5 12.4975
    endloop
  endfacet
  facet normal -0.831261 -0 -0.555882
    outer loop
      vertex 158.919 12.5 12.9192
      vertex 159.201 2.5 12.4975
      vertex 158.919 2.5 12.9192
    endloop
  endfacet
  facet normal -0.555337 0 -0.831626
    outer loop
      vertex 158.497 2.5 13.201
      vertex 158.919 12.5 12.9192
      vertex 158.919 2.5 12.9192
    endloop
  endfacet
  facet normal -0.555337 0 -0.831626
    outer loop
      vertex 158.919 12.5 12.9192
      vertex 158.497 2.5 13.201
      vertex 158.497 12.5 13.201
    endloop
  endfacet
  facet normal 0.98077 -0 0.195168
    outer loop
      vertex 156.7 2.5 12
      vertex 156.799 12.5 11.5025
      vertex 156.7 12.5 12
    endloop
  endfacet
  facet normal 0.98077 0 0.195168
    outer loop
      vertex 156.799 12.5 11.5025
      vertex 156.7 2.5 12
      vertex 156.799 2.5 11.5025
    endloop
  endfacet
  facet normal 0.555337 0 0.831626
    outer loop
      vertex 157.081 12.5 11.0808
      vertex 157.503 2.5 10.799
      vertex 157.503 12.5 10.799
    endloop
  endfacet
  facet normal 0.555337 0 0.831626
    outer loop
      vertex 157.503 2.5 10.799
      vertex 157.081 12.5 11.0808
      vertex 157.081 2.5 11.0808
    endloop
  endfacet
  facet normal -0.98077 0 -0.195168
    outer loop
      vertex 159.3 2.5 12
      vertex 159.201 12.5 12.4975
      vertex 159.3 12.5 12
    endloop
  endfacet
  facet normal -0.98077 -0 -0.195168
    outer loop
      vertex 159.201 12.5 12.4975
      vertex 159.3 2.5 12
      vertex 159.201 2.5 12.4975
    endloop
  endfacet
  facet normal 0.98077 0 -0.195168
    outer loop
      vertex 156.799 2.5 12.4975
      vertex 156.7 12.5 12
      vertex 156.799 12.5 12.4975
    endloop
  endfacet
  facet normal 0.98077 0 -0.195168
    outer loop
      vertex 156.7 12.5 12
      vertex 156.799 2.5 12.4975
      vertex 156.7 2.5 12
    endloop
  endfacet
  facet normal 0.195357 0 0.980732
    outer loop
      vertex 157.503 12.5 10.799
      vertex 158 2.5 10.7
      vertex 158 12.5 10.7
    endloop
  endfacet
  facet normal 0.195357 0 0.980732
    outer loop
      vertex 158 2.5 10.7
      vertex 157.503 12.5 10.799
      vertex 157.503 2.5 10.799
    endloop
  endfacet
  facet normal -0.195357 0 0.980732
    outer loop
      vertex 158 12.5 10.7
      vertex 158.497 2.5 10.799
      vertex 158.497 12.5 10.799
    endloop
  endfacet
  facet normal -0.195357 0 0.980732
    outer loop
      vertex 158.497 2.5 10.799
      vertex 158 12.5 10.7
      vertex 158 2.5 10.7
    endloop
  endfacet
  facet normal 0.831261 0 -0.555882
    outer loop
      vertex 157.081 2.5 12.9192
      vertex 156.799 12.5 12.4975
      vertex 157.081 12.5 12.9192
    endloop
  endfacet
  facet normal 0.831261 0 -0.555882
    outer loop
      vertex 156.799 12.5 12.4975
      vertex 157.081 2.5 12.9192
      vertex 156.799 2.5 12.4975
    endloop
  endfacet
  facet normal 0.831261 -0 0.555882
    outer loop
      vertex 156.799 2.5 11.5025
      vertex 157.081 12.5 11.0808
      vertex 156.799 12.5 11.5025
    endloop
  endfacet
  facet normal 0.831261 0 0.555882
    outer loop
      vertex 157.081 12.5 11.0808
      vertex 156.799 2.5 11.5025
      vertex 157.081 2.5 11.0808
    endloop
  endfacet
  facet normal -0.195357 0 -0.980732
    outer loop
      vertex 158 2.5 13.3
      vertex 158.497 12.5 13.201
      vertex 158.497 2.5 13.201
    endloop
  endfacet
  facet normal -0.195357 0 -0.980732
    outer loop
      vertex 158.497 12.5 13.201
      vertex 158 2.5 13.3
      vertex 158 12.5 13.3
    endloop
  endfacet
  facet normal 0.555337 0 -0.831626
    outer loop
      vertex 157.081 2.5 12.9192
      vertex 157.503 12.5 13.201
      vertex 157.503 2.5 13.201
    endloop
  endfacet
  facet normal 0.555337 0 -0.831626
    outer loop
      vertex 157.503 12.5 13.201
      vertex 157.081 2.5 12.9192
      vertex 157.081 12.5 12.9192
    endloop
  endfacet
  facet normal -0.609155 0 -0.793051
    outer loop
      vertex 155.172 2.5 185.172
      vertex 156 12.5 184.536
      vertex 156 2.5 184.536
    endloop
  endfacet
  facet normal -0.609155 0 -0.793051
    outer loop
      vertex 156 12.5 184.536
      vertex 155.172 2.5 185.172
      vertex 155.172 12.5 185.172
    endloop
  endfacet
  facet normal -0.382915 0 -0.923783
    outer loop
      vertex 156 2.5 184.536
      vertex 156.965 12.5 184.136
      vertex 156.965 2.5 184.136
    endloop
  endfacet
  facet normal -0.382915 0 -0.923783
    outer loop
      vertex 156.965 12.5 184.136
      vertex 156 2.5 184.536
      vertex 156 12.5 184.536
    endloop
  endfacet
  facet normal -0.130281 0 0.991477
    outer loop
      vertex 156.965 12.5 191.864
      vertex 158 2.5 192
      vertex 158 12.5 192
    endloop
  endfacet
  facet normal -0.130281 0 0.991477
    outer loop
      vertex 158 2.5 192
      vertex 156.965 12.5 191.864
      vertex 156.965 2.5 191.864
    endloop
  endfacet
  facet normal 0.130281 0 -0.991477
    outer loop
      vertex 158 2.5 184
      vertex 159.035 12.5 184.136
      vertex 159.035 2.5 184.136
    endloop
  endfacet
  facet normal 0.130281 0 -0.991477
    outer loop
      vertex 159.035 12.5 184.136
      vertex 158 2.5 184
      vertex 158 12.5 184
    endloop
  endfacet
  facet normal 0.382915 0 -0.923783
    outer loop
      vertex 159.035 2.5 184.136
      vertex 160 12.5 184.536
      vertex 160 2.5 184.536
    endloop
  endfacet
  facet normal 0.382915 0 -0.923783
    outer loop
      vertex 160 12.5 184.536
      vertex 159.035 2.5 184.136
      vertex 159.035 12.5 184.136
    endloop
  endfacet
  facet normal -0.609155 0 0.793051
    outer loop
      vertex 155.172 12.5 190.828
      vertex 156 2.5 191.464
      vertex 156 12.5 191.464
    endloop
  endfacet
  facet normal -0.609155 0 0.793051
    outer loop
      vertex 156 2.5 191.464
      vertex 155.172 12.5 190.828
      vertex 155.172 2.5 190.828
    endloop
  endfacet
  facet normal 0.382915 0 0.923783
    outer loop
      vertex 159.035 12.5 191.864
      vertex 160 2.5 191.464
      vertex 160 12.5 191.464
    endloop
  endfacet
  facet normal 0.382915 0 0.923783
    outer loop
      vertex 160 2.5 191.464
      vertex 159.035 12.5 191.864
      vertex 159.035 2.5 191.864
    endloop
  endfacet
  facet normal -0.793051 0 -0.609155
    outer loop
      vertex 155.172 2.5 185.172
      vertex 154.536 12.5 186
      vertex 155.172 12.5 185.172
    endloop
  endfacet
  facet normal -0.793051 -0 -0.609155
    outer loop
      vertex 154.536 12.5 186
      vertex 155.172 2.5 185.172
      vertex 154.536 2.5 186
    endloop
  endfacet
  facet normal -0.793051 0 0.609155
    outer loop
      vertex 154.536 2.5 190
      vertex 155.172 12.5 190.828
      vertex 154.536 12.5 190
    endloop
  endfacet
  facet normal -0.793051 0 0.609155
    outer loop
      vertex 155.172 12.5 190.828
      vertex 154.536 2.5 190
      vertex 155.172 2.5 190.828
    endloop
  endfacet
  facet normal -0.130281 0 -0.991477
    outer loop
      vertex 156.965 2.5 184.136
      vertex 158 12.5 184
      vertex 158 2.5 184
    endloop
  endfacet
  facet normal -0.130281 0 -0.991477
    outer loop
      vertex 158 12.5 184
      vertex 156.965 2.5 184.136
      vertex 156.965 12.5 184.136
    endloop
  endfacet
  facet normal -0.923783 0 0.382915
    outer loop
      vertex 154.136 2.5 189.035
      vertex 154.536 12.5 190
      vertex 154.136 12.5 189.035
    endloop
  endfacet
  facet normal -0.923783 0 0.382915
    outer loop
      vertex 154.536 12.5 190
      vertex 154.136 2.5 189.035
      vertex 154.536 2.5 190
    endloop
  endfacet
  facet normal -0.991477 0 0.130281
    outer loop
      vertex 154 2.5 188
      vertex 154.136 12.5 189.035
      vertex 154 12.5 188
    endloop
  endfacet
  facet normal -0.991477 0 0.130281
    outer loop
      vertex 154.136 12.5 189.035
      vertex 154 2.5 188
      vertex 154.136 2.5 189.035
    endloop
  endfacet
  facet normal -0.382915 0 0.923783
    outer loop
      vertex 156 12.5 191.464
      vertex 156.965 2.5 191.864
      vertex 156.965 12.5 191.864
    endloop
  endfacet
  facet normal -0.382915 0 0.923783
    outer loop
      vertex 156.965 2.5 191.864
      vertex 156 12.5 191.464
      vertex 156 2.5 191.464
    endloop
  endfacet
  facet normal 0 1 0
    outer loop
      vertex 167.5 12.5 192
      vertex 160 12.5 191.464
      vertex 160 12.5 192
    endloop
  endfacet
  facet normal 0 1 -0
    outer loop
      vertex 157.503 12.5 189.201
      vertex 156.965 12.5 191.864
      vertex 158 12.5 189.3
    endloop
  endfacet
  facet normal 0 1 0
    outer loop
      vertex 159.3 12.5 188
      vertex 160 12.5 191.464
      vertex 167.5 12.5 192
    endloop
  endfacet
  facet normal -0 1 0
    outer loop
      vertex 158 12.5 189.3
      vertex 160 12.5 191.464
      vertex 158.497 12.5 189.201
    endloop
  endfacet
  facet normal 0 1 -0
    outer loop
      vertex 157.081 12.5 188.919
      vertex 156 12.5 191.464
      vertex 157.503 12.5 189.201
    endloop
  endfacet
  facet normal 0 1 0
    outer loop
      vertex 156.965 12.5 191.864
      vertex 157.503 12.5 189.201
      vertex 156 12.5 191.464
    endloop
  endfacet
  facet normal 0 1 0
    outer loop
      vertex 160 12.5 191.464
      vertex 158.919 12.5 188.919
      vertex 158.497 12.5 189.201
    endloop
  endfacet
  facet normal 0 1 0
    outer loop
      vertex 160 12.5 191.464
      vertex 159.201 12.5 188.497
      vertex 158.919 12.5 188.919
    endloop
  endfacet
  facet normal 0 1 0
    outer loop
      vertex 160 12.5 191.464
      vertex 159.3 12.5 188
      vertex 159.201 12.5 188.497
    endloop
  endfacet
  facet normal 0 1 -0
    outer loop
      vertex 167.5 12.5 184
      vertex 159.3 12.5 188
      vertex 167.5 12.5 192
    endloop
  endfacet
  facet normal -0 1 -0
    outer loop
      vertex 160 12.5 184.536
      vertex 159.3 12.5 188
      vertex 167.5 12.5 184
    endloop
  endfacet
  facet normal 0 1 0
    outer loop
      vertex 159.3 12.5 188
      vertex 160 12.5 184.536
      vertex 159.201 12.5 187.503
    endloop
  endfacet
  facet normal 0 1 0
    outer loop
      vertex 159.035 12.5 184.136
      vertex 158 12.5 186.7
      vertex 158.497 12.5 186.799
    endloop
  endfacet
  facet normal 0 1 0
    outer loop
      vertex 158 12.5 186.7
      vertex 155.172 12.5 185.172
      vertex 154.536 12.5 186
    endloop
  endfacet
  facet normal 0 1 -0
    outer loop
      vertex 159.035 12.5 184.136
      vertex 158.497 12.5 186.799
      vertex 160 12.5 184.536
    endloop
  endfacet
  facet normal 0 1 0
    outer loop
      vertex 158.919 12.5 187.081
      vertex 160 12.5 184.536
      vertex 158.497 12.5 186.799
    endloop
  endfacet
  facet normal 0 1 0
    outer loop
      vertex 159.201 12.5 187.503
      vertex 160 12.5 184.536
      vertex 158.919 12.5 187.081
    endloop
  endfacet
  facet normal 0 1 0
    outer loop
      vertex 160 12.5 184.536
      vertex 167.5 12.5 184
      vertex 160 12.5 184
    endloop
  endfacet
  facet normal 0 1 0
    outer loop
      vertex 158 12.5 189.3
      vertex 158 12.5 192
      vertex 159.035 12.5 191.864
    endloop
  endfacet
  facet normal 0 1 0
    outer loop
      vertex 158 12.5 189.3
      vertex 159.035 12.5 191.864
      vertex 160 12.5 191.464
    endloop
  endfacet
  facet normal 0 1 0
    outer loop
      vertex 158 12.5 192
      vertex 158 12.5 189.3
      vertex 156.965 12.5 191.864
    endloop
  endfacet
  facet normal 0 1 0
    outer loop
      vertex 156 12.5 191.464
      vertex 157.081 12.5 188.919
      vertex 155.172 12.5 190.828
    endloop
  endfacet
  facet normal 0 1 0
    outer loop
      vertex 155.172 12.5 190.828
      vertex 157.081 12.5 188.919
      vertex 154.536 12.5 190
    endloop
  endfacet
  facet normal 0 1 -0
    outer loop
      vertex 156.799 12.5 188.497
      vertex 154.536 12.5 190
      vertex 157.081 12.5 188.919
    endloop
  endfacet
  facet normal 0 1 0
    outer loop
      vertex 154.536 12.5 190
      vertex 156.799 12.5 188.497
      vertex 154.136 12.5 189.035
    endloop
  endfacet
  facet normal 0 1 -0
    outer loop
      vertex 156.7 12.5 188
      vertex 154.136 12.5 189.035
      vertex 156.799 12.5 188.497
    endloop
  endfacet
  facet normal 0 1 0
    outer loop
      vertex 156.7 12.5 188
      vertex 154 12.5 188
      vertex 154.136 12.5 189.035
    endloop
  endfacet
  facet normal 0 1 0
    outer loop
      vertex 154.136 12.5 186.965
      vertex 156.7 12.5 188
      vertex 156.799 12.5 187.503
    endloop
  endfacet
  facet normal 0 1 0
    outer loop
      vertex 154.536 12.5 186
      vertex 156.799 12.5 187.503
      vertex 157.081 12.5 187.081
    endloop
  endfacet
  facet normal 0 1 0
    outer loop
      vertex 156.7 12.5 188
      vertex 154.136 12.5 186.965
      vertex 154 12.5 188
    endloop
  endfacet
  facet normal 0 1 0
    outer loop
      vertex 154.536 12.5 186
      vertex 157.081 12.5 187.081
      vertex 157.503 12.5 186.799
    endloop
  endfacet
  facet normal 0 1 0
    outer loop
      vertex 154.536 12.5 186
      vertex 157.503 12.5 186.799
      vertex 158 12.5 186.7
    endloop
  endfacet
  facet normal 0 1 0
    outer loop
      vertex 156.799 12.5 187.503
      vertex 154.536 12.5 186
      vertex 154.136 12.5 186.965
    endloop
  endfacet
  facet normal 0 1 0
    outer loop
      vertex 158 12.5 186.7
      vertex 156 12.5 184.536
      vertex 155.172 12.5 185.172
    endloop
  endfacet
  facet normal 0 1 0
    outer loop
      vertex 158 12.5 186.7
      vertex 159.035 12.5 184.136
      vertex 158 12.5 184
    endloop
  endfacet
  facet normal 0 1 0
    outer loop
      vertex 158 12.5 186.7
      vertex 156.965 12.5 184.136
      vertex 156 12.5 184.536
    endloop
  endfacet
  facet normal 0 1 0
    outer loop
      vertex 158 12.5 186.7
      vertex 158 12.5 184
      vertex 156.965 12.5 184.136
    endloop
  endfacet
  facet normal 0.130281 0 0.991477
    outer loop
      vertex 158 12.5 192
      vertex 159.035 2.5 191.864
      vertex 159.035 12.5 191.864
    endloop
  endfacet
  facet normal 0.130281 0 0.991477
    outer loop
      vertex 159.035 2.5 191.864
      vertex 158 12.5 192
      vertex 158 2.5 192
    endloop
  endfacet
  facet normal 0 -1 0
    outer loop
      vertex 158 2.5 189.3
      vertex 158 2.5 192
      vertex 156.965 2.5 191.864
    endloop
  endfacet
  facet normal 0 -1 0
    outer loop
      vertex 157.503 2.5 189.201
      vertex 156.965 2.5 191.864
      vertex 156 2.5 191.464
    endloop
  endfacet
  facet normal 0 -1 0
    outer loop
      vertex 158 2.5 192
      vertex 158 2.5 189.3
      vertex 159.035 2.5 191.864
    endloop
  endfacet
  facet normal 0 -1 0
    outer loop
      vertex 157.081 2.5 188.919
      vertex 156 2.5 191.464
      vertex 155.172 2.5 190.828
    endloop
  endfacet
  facet normal 0 -1 0
    outer loop
      vertex 160 2.5 191.464
      vertex 167.5 2.5 192
      vertex 160 2.5 192
    endloop
  endfacet
  facet normal 0 -1 0
    outer loop
      vertex 158.497 2.5 189.201
      vertex 159.035 2.5 191.864
      vertex 158 2.5 189.3
    endloop
  endfacet
  facet normal 0 -1 0
    outer loop
      vertex 157.081 2.5 188.919
      vertex 155.172 2.5 190.828
      vertex 154.536 2.5 190
    endloop
  endfacet
  facet normal 0 -1 -0
    outer loop
      vertex 159.035 2.5 191.864
      vertex 158.497 2.5 189.201
      vertex 160 2.5 191.464
    endloop
  endfacet
  facet normal 0 -1 0
    outer loop
      vertex 158.919 2.5 188.919
      vertex 160 2.5 191.464
      vertex 158.497 2.5 189.201
    endloop
  endfacet
  facet normal 0 -1 0
    outer loop
      vertex 159.201 2.5 188.497
      vertex 160 2.5 191.464
      vertex 158.919 2.5 188.919
    endloop
  endfacet
  facet normal 0 -1 0
    outer loop
      vertex 159.3 2.5 188
      vertex 160 2.5 191.464
      vertex 159.201 2.5 188.497
    endloop
  endfacet
  facet normal 0 -1 -0
    outer loop
      vertex 160 2.5 191.464
      vertex 159.3 2.5 188
      vertex 167.5 2.5 192
    endloop
  endfacet
  facet normal 0 -1 0
    outer loop
      vertex 160 2.5 184.536
      vertex 159.3 2.5 188
      vertex 159.201 2.5 187.503
    endloop
  endfacet
  facet normal 0 -1 0
    outer loop
      vertex 160 2.5 184.536
      vertex 159.201 2.5 187.503
      vertex 158.919 2.5 187.081
    endloop
  endfacet
  facet normal 0 -1 0
    outer loop
      vertex 160 2.5 184.536
      vertex 158.919 2.5 187.081
      vertex 158.497 2.5 186.799
    endloop
  endfacet
  facet normal 0 -1 -0
    outer loop
      vertex 157.081 2.5 187.081
      vertex 156 2.5 184.536
      vertex 157.503 2.5 186.799
    endloop
  endfacet
  facet normal 0 -1 0
    outer loop
      vertex 156.965 2.5 184.136
      vertex 157.503 2.5 186.799
      vertex 156 2.5 184.536
    endloop
  endfacet
  facet normal 0 -1 -0
    outer loop
      vertex 157.503 2.5 186.799
      vertex 156.965 2.5 184.136
      vertex 158 2.5 186.7
    endloop
  endfacet
  facet normal 0 -1 0
    outer loop
      vertex 158 2.5 184
      vertex 158 2.5 186.7
      vertex 156.965 2.5 184.136
    endloop
  endfacet
  facet normal 0 -1 0
    outer loop
      vertex 159.3 2.5 188
      vertex 160 2.5 184.536
      vertex 167.5 2.5 184
    endloop
  endfacet
  facet normal 0 -1 0
    outer loop
      vertex 167.5 2.5 184
      vertex 160 2.5 184.536
      vertex 160 2.5 184
    endloop
  endfacet
  facet normal 0 -1 0
    outer loop
      vertex 159.3 2.5 188
      vertex 167.5 2.5 184
      vertex 167.5 2.5 192
    endloop
  endfacet
  facet normal -0 -1 0
    outer loop
      vertex 159.035 2.5 184.136
      vertex 158 2.5 186.7
      vertex 158 2.5 184
    endloop
  endfacet
  facet normal 0 -1 0
    outer loop
      vertex 158.497 2.5 186.799
      vertex 159.035 2.5 184.136
      vertex 160 2.5 184.536
    endloop
  endfacet
  facet normal 0 -1 0
    outer loop
      vertex 158 2.5 186.7
      vertex 159.035 2.5 184.136
      vertex 158.497 2.5 186.799
    endloop
  endfacet
  facet normal 0 -1 0
    outer loop
      vertex 156.965 2.5 191.864
      vertex 157.503 2.5 189.201
      vertex 158 2.5 189.3
    endloop
  endfacet
  facet normal 0 -1 0
    outer loop
      vertex 156.799 2.5 188.497
      vertex 154.536 2.5 190
      vertex 154.136 2.5 189.035
    endloop
  endfacet
  facet normal 0 -1 0
    outer loop
      vertex 156 2.5 191.464
      vertex 157.081 2.5 188.919
      vertex 157.503 2.5 189.201
    endloop
  endfacet
  facet normal 0 -1 0
    outer loop
      vertex 154.536 2.5 190
      vertex 156.799 2.5 188.497
      vertex 157.081 2.5 188.919
    endloop
  endfacet
  facet normal 0 -1 0
    outer loop
      vertex 156.7 2.5 188
      vertex 154.136 2.5 189.035
      vertex 154 2.5 188
    endloop
  endfacet
  facet normal 0 -1 0
    outer loop
      vertex 154.136 2.5 189.035
      vertex 156.7 2.5 188
      vertex 156.799 2.5 188.497
    endloop
  endfacet
  facet normal 0 -1 0
    outer loop
      vertex 154.136 2.5 186.965
      vertex 156.7 2.5 188
      vertex 154 2.5 188
    endloop
  endfacet
  facet normal 0 -1 -0
    outer loop
      vertex 156.7 2.5 188
      vertex 154.136 2.5 186.965
      vertex 156.799 2.5 187.503
    endloop
  endfacet
  facet normal 0 -1 0
    outer loop
      vertex 154.536 2.5 186
      vertex 156.799 2.5 187.503
      vertex 154.136 2.5 186.965
    endloop
  endfacet
  facet normal 0 -1 -0
    outer loop
      vertex 156.799 2.5 187.503
      vertex 154.536 2.5 186
      vertex 157.081 2.5 187.081
    endloop
  endfacet
  facet normal 0 -1 0
    outer loop
      vertex 155.172 2.5 185.172
      vertex 157.081 2.5 187.081
      vertex 154.536 2.5 186
    endloop
  endfacet
  facet normal 0 -1 0
    outer loop
      vertex 156 2.5 184.536
      vertex 157.081 2.5 187.081
      vertex 155.172 2.5 185.172
    endloop
  endfacet
  facet normal -0.923783 0 -0.382915
    outer loop
      vertex 154.536 2.5 186
      vertex 154.136 12.5 186.965
      vertex 154.536 12.5 186
    endloop
  endfacet
  facet normal -0.923783 -0 -0.382915
    outer loop
      vertex 154.136 12.5 186.965
      vertex 154.536 2.5 186
      vertex 154.136 2.5 186.965
    endloop
  endfacet
  facet normal -0.991477 0 -0.130281
    outer loop
      vertex 154.136 2.5 186.965
      vertex 154 12.5 188
      vertex 154.136 12.5 186.965
    endloop
  endfacet
  facet normal -0.991477 -0 -0.130281
    outer loop
      vertex 154 12.5 188
      vertex 154.136 2.5 186.965
      vertex 154 2.5 188
    endloop
  endfacet
  facet normal 0.195357 0 -0.980732
    outer loop
      vertex 157.503 2.5 189.201
      vertex 158 12.5 189.3
      vertex 158 2.5 189.3
    endloop
  endfacet
  facet normal 0.195357 0 -0.980732
    outer loop
      vertex 158 12.5 189.3
      vertex 157.503 2.5 189.201
      vertex 157.503 12.5 189.201
    endloop
  endfacet
  facet normal -0.831444 0 0.555609
    outer loop
      vertex 158.919 2.5 187.081
      vertex 159.201 12.5 187.503
      vertex 158.919 12.5 187.081
    endloop
  endfacet
  facet normal -0.831444 0 0.555609
    outer loop
      vertex 159.201 12.5 187.503
      vertex 158.919 2.5 187.081
      vertex 159.201 2.5 187.503
    endloop
  endfacet
  facet normal -0.980732 0 0.195357
    outer loop
      vertex 159.201 2.5 187.503
      vertex 159.3 12.5 188
      vertex 159.201 12.5 187.503
    endloop
  endfacet
  facet normal -0.980732 0 0.195357
    outer loop
      vertex 159.3 12.5 188
      vertex 159.201 2.5 187.503
      vertex 159.3 2.5 188
    endloop
  endfacet
  facet normal -0.555609 0 0.831444
    outer loop
      vertex 158.497 12.5 186.799
      vertex 158.919 2.5 187.081
      vertex 158.919 12.5 187.081
    endloop
  endfacet
  facet normal -0.555609 0 0.831444
    outer loop
      vertex 158.919 2.5 187.081
      vertex 158.497 12.5 186.799
      vertex 158.497 2.5 186.799
    endloop
  endfacet
  facet normal -0.831444 0 -0.555609
    outer loop
      vertex 159.201 2.5 188.497
      vertex 158.919 12.5 188.919
      vertex 159.201 12.5 188.497
    endloop
  endfacet
  facet normal -0.831444 -0 -0.555609
    outer loop
      vertex 158.919 12.5 188.919
      vertex 159.201 2.5 188.497
      vertex 158.919 2.5 188.919
    endloop
  endfacet
  facet normal -0.555609 0 -0.831444
    outer loop
      vertex 158.497 2.5 189.201
      vertex 158.919 12.5 188.919
      vertex 158.919 2.5 188.919
    endloop
  endfacet
  facet normal -0.555609 0 -0.831444
    outer loop
      vertex 158.919 12.5 188.919
      vertex 158.497 2.5 189.201
      vertex 158.497 12.5 189.201
    endloop
  endfacet
  facet normal 0.980732 -0 0.195357
    outer loop
      vertex 156.7 2.5 188
      vertex 156.799 12.5 187.503
      vertex 156.7 12.5 188
    endloop
  endfacet
  facet normal 0.980732 0 0.195357
    outer loop
      vertex 156.799 12.5 187.503
      vertex 156.7 2.5 188
      vertex 156.799 2.5 187.503
    endloop
  endfacet
  facet normal 0.555609 0 0.831444
    outer loop
      vertex 157.081 12.5 187.081
      vertex 157.503 2.5 186.799
      vertex 157.503 12.5 186.799
    endloop
  endfacet
  facet normal 0.555609 0 0.831444
    outer loop
      vertex 157.503 2.5 186.799
      vertex 157.081 12.5 187.081
      vertex 157.081 2.5 187.081
    endloop
  endfacet
  facet normal -0.980732 0 -0.195357
    outer loop
      vertex 159.3 2.5 188
      vertex 159.201 12.5 188.497
      vertex 159.3 12.5 188
    endloop
  endfacet
  facet normal -0.980732 -0 -0.195357
    outer loop
      vertex 159.201 12.5 188.497
      vertex 159.3 2.5 188
      vertex 159.201 2.5 188.497
    endloop
  endfacet
  facet normal 0.980732 0 -0.195357
    outer loop
      vertex 156.799 2.5 188.497
      vertex 156.7 12.5 188
      vertex 156.799 12.5 188.497
    endloop
  endfacet
  facet normal 0.980732 0 -0.195357
    outer loop
      vertex 156.7 12.5 188
      vertex 156.799 2.5 188.497
      vertex 156.7 2.5 188
    endloop
  endfacet
  facet normal 0.195357 0 0.980732
    outer loop
      vertex 157.503 12.5 186.799
      vertex 158 2.5 186.7
      vertex 158 12.5 186.7
    endloop
  endfacet
  facet normal 0.195357 0 0.980732
    outer loop
      vertex 158 2.5 186.7
      vertex 157.503 12.5 186.799
      vertex 157.503 2.5 186.799
    endloop
  endfacet
  facet normal -0.195357 0 0.980732
    outer loop
      vertex 158 12.5 186.7
      vertex 158.497 2.5 186.799
      vertex 158.497 12.5 186.799
    endloop
  endfacet
  facet normal -0.195357 0 0.980732
    outer loop
      vertex 158.497 2.5 186.799
      vertex 158 12.5 186.7
      vertex 158 2.5 186.7
    endloop
  endfacet
  facet normal 0.831444 0 -0.555609
    outer loop
      vertex 157.081 2.5 188.919
      vertex 156.799 12.5 188.497
      vertex 157.081 12.5 188.919
    endloop
  endfacet
  facet normal 0.831444 0 -0.555609
    outer loop
      vertex 156.799 12.5 188.497
      vertex 157.081 2.5 188.919
      vertex 156.799 2.5 188.497
    endloop
  endfacet
  facet normal 0.831444 -0 0.555609
    outer loop
      vertex 156.799 2.5 187.503
      vertex 157.081 12.5 187.081
      vertex 156.799 12.5 187.503
    endloop
  endfacet
  facet normal 0.831444 0 0.555609
    outer loop
      vertex 157.081 12.5 187.081
      vertex 156.799 2.5 187.503
      vertex 157.081 2.5 187.081
    endloop
  endfacet
  facet normal -0.195357 0 -0.980732
    outer loop
      vertex 158 2.5 189.3
      vertex 158.497 12.5 189.201
      vertex 158.497 2.5 189.201
    endloop
  endfacet
  facet normal -0.195357 0 -0.980732
    outer loop
      vertex 158.497 12.5 189.201
      vertex 158 2.5 189.3
      vertex 158 12.5 189.3
    endloop
  endfacet
  facet normal 0.555609 0 -0.831444
    outer loop
      vertex 157.081 2.5 188.919
      vertex 157.503 12.5 189.201
      vertex 157.503 2.5 189.201
    endloop
  endfacet
  facet normal 0.555609 0 -0.831444
    outer loop
      vertex 157.503 12.5 189.201
      vertex 157.081 2.5 188.919
      vertex 157.081 12.5 188.919
    endloop
  endfacet
  facet normal -0 0 1
    outer loop
      vertex 160 12.5 16
      vertex 167.5 2.5 16
      vertex 167.5 12.5 16
    endloop
  endfacet
  facet normal 0 0 1
    outer loop
      vertex 167.5 2.5 16
      vertex 160 12.5 16
      vertex 160 2.5 16
    endloop
  endfacet
  facet normal 0 0 -1
    outer loop
      vertex 160 2.5 8
      vertex 167.5 12.5 8
      vertex 167.5 2.5 8
    endloop
  endfacet
  facet normal -0 0 -1
    outer loop
      vertex 167.5 12.5 8
      vertex 160 2.5 8
      vertex 160 12.5 8
    endloop
  endfacet
  facet normal -1 0 0
    outer loop
      vertex 160 2.5 15.4641
      vertex 160 12.5 16
      vertex 160 12.5 15.4641
    endloop
  endfacet
  facet normal -1 -0 0
    outer loop
      vertex 160 12.5 16
      vertex 160 2.5 15.4641
      vertex 160 2.5 16
    endloop
  endfacet
  facet normal -1 0 0
    outer loop
      vertex 160 2.5 8
      vertex 160 12.5 8.5359
      vertex 160 12.5 8
    endloop
  endfacet
  facet normal -1 -0 0
    outer loop
      vertex 160 12.5 8.5359
      vertex 160 2.5 8
      vertex 160 2.5 8.5359
    endloop
  endfacet
  facet normal -0 0 1
    outer loop
      vertex 160 12.5 192
      vertex 167.5 2.5 192
      vertex 167.5 12.5 192
    endloop
  endfacet
  facet normal 0 0 1
    outer loop
      vertex 167.5 2.5 192
      vertex 160 12.5 192
      vertex 160 2.5 192
    endloop
  endfacet
  facet normal 0 0 -1
    outer loop
      vertex 160 2.5 184
      vertex 167.5 12.5 184
      vertex 167.5 2.5 184
    endloop
  endfacet
  facet normal -0 0 -1
    outer loop
      vertex 167.5 12.5 184
      vertex 160 2.5 184
      vertex 160 12.5 184
    endloop
  endfacet
  facet normal -1 0 0
    outer loop
      vertex 160 2.5 191.464
      vertex 160 12.5 192
      vertex 160 12.5 191.464
    endloop
  endfacet
  facet normal -1 -0 0
    outer loop
      vertex 160 12.5 192
      vertex 160 2.5 191.464
      vertex 160 2.5 192
    endloop
  endfacet
  facet normal -1 0 0
    outer loop
      vertex 160 2.5 184
      vertex 160 12.5 184.536
      vertex 160 12.5 184
    endloop
  endfacet
  facet normal -1 -0 0
    outer loop
      vertex 160 12.5 184.536
      vertex 160 2.5 184
      vertex 160 2.5 184.536
    endloop
  endfacet
  facet normal 1 -0 0
    outer loop
      vertex 126 4.5 8
      vertex 126 36.5 6
      vertex 126 36.5 8
    endloop
  endfacet
  facet normal 1 0 0
    outer loop
      vertex 126 36.5 6
      vertex 126 4.5 8
      vertex 126 4.5 6
    endloop
  endfacet
  facet normal -1 0 0
    outer loop
      vertex 44 4.5 6
      vertex 44 36.5 8
      vertex 44 36.5 6
    endloop
  endfacet
  facet normal -1 -0 0
    outer loop
      vertex 44 36.5 8
      vertex 44 4.5 6
      vertex 44 4.5 8
    endloop
  endfacet
endsolid OpenSCAD_Model
